Date,mktrf
2011-01-03,0.010291000000000002
2011-01-04,-0.0024539999999999996
2011-01-05,0.003739
2011-01-06,-0.0033890000000000005
2011-01-07,-0.0030570000000000003
2011-01-10,-0.0029490000000000002
2011-01-11,0.002329
2011-01-12,0.007424
2011-01-13,-0.003197
2011-01-14,0.005772
2011-01-18,-0.00013999999999999993
2011-01-19,-0.011694000000000001
2011-01-20,-0.002559
2011-01-21,0.000683
2011-01-24,0.004142999999999999
2011-01-25,-0.001128
2011-01-26,0.002795
2011-01-27,0.0010919999999999999
2011-01-28,-0.019240999999999998
2011-01-31,0.005965
2011-02-01,0.014939000000000001
2011-02-02,-0.004146
2011-02-03,0.0008309999999999997
2011-02-04,0.0014369999999999997
2011-02-07,0.005248
2011-02-08,0.002889
2011-02-09,-0.003956
2011-02-10,-0.00013500000000000003
2011-02-11,0.004706999999999999
2011-02-14,0.0013130000000000001
2011-02-15,-0.004381
2011-02-16,0.005133
2011-02-17,0.002369
2011-02-18,0.001042
2011-02-22,-0.021707
2011-02-23,-0.007383
2011-02-24,-0.002328
2011-02-25,0.008831
2011-02-28,0.0037670000000000004
2011-03-01,-0.016413999999999998
2011-03-02,0.0006370000000000002
2011-03-03,0.015787
2011-03-04,-0.008383999999999999
2011-03-07,-0.009340999999999999
2011-03-08,0.008216000000000001
2011-03-09,-0.0020150000000000003
2011-03-10,-0.019166000000000002
2011-03-11,0.006693
2011-03-14,-0.006425999999999999
2011-03-15,-0.011776000000000002
2011-03-16,-0.020006
2011-03-17,0.012364
2011-03-18,0.003614
2011-03-21,0.014451
2011-03-22,-0.004174000000000001
2011-03-23,0.0023060000000000003
2011-03-24,0.008938000000000001
2011-03-25,0.002789
2011-03-28,-0.003074
2011-03-29,0.006418
2011-03-30,0.006307
2011-03-31,-0.002245
2011-04-01,0.004583
2011-04-04,0.00010299999999999998
2011-04-05,-0.000422
2011-04-06,0.001895
2011-04-07,-0.001839
2011-04-08,-0.004235
2011-04-11,-0.0029980000000000002
2011-04-12,-0.0077859999999999995
2011-04-13,4.6000000000000034e-05
2011-04-14,-0.00036700000000000003
2011-04-15,0.003414
2011-04-18,-0.01135
2011-04-19,0.005186
2011-04-20,0.013149000000000001
2011-04-21,0.0048000000000000004
2011-04-25,-0.002014
2011-04-26,0.008754999999999999
2011-04-27,0.0060680000000000005
2011-04-28,0.0032749999999999997
2011-04-29,0.002098
2011-05-02,-0.00194
2011-05-03,-0.0035440000000000003
2011-05-04,-0.006898
2011-05-05,-0.009165
2011-05-06,0.003603
2011-05-09,0.004333
2011-05-10,0.00785
2011-05-11,-0.011042
2011-05-12,0.005000999999999999
2011-05-13,-0.008182
2011-05-16,-0.006421
2011-05-17,-0.000729
2011-05-18,0.008345
2011-05-19,0.002072
2011-05-20,-0.008035
2011-05-23,-0.012234
2011-05-24,-0.001363
2011-05-25,0.002551
2011-05-26,0.003633
2011-05-27,0.0037419999999999997
2011-05-31,0.010119000000000001
2011-06-01,-0.023146
2011-06-02,-0.001683
2011-06-03,-0.010204
2011-06-06,-0.010954
2011-06-07,-0.0009310000000000001
2011-06-08,-0.004386
2011-06-09,0.007252000000000001
2011-06-10,-0.013978
2011-06-13,0.000472
2011-06-14,0.012242
2011-06-15,-0.017804999999999998
2011-06-16,0.001586
2011-06-17,0.002846
2011-06-20,0.005314
2011-06-21,0.013347000000000001
2011-06-22,-0.006585000000000001
2011-06-23,-0.002796
2011-06-24,-0.012003
2011-06-27,0.009132000000000001
2011-06-28,0.012846
2011-06-29,0.008156
2011-06-30,0.009977
2011-07-01,0.014270000000000001
2011-07-05,-0.00134
2011-07-06,0.00104
2011-07-07,0.010321
2011-07-08,-0.007143
2011-07-11,-0.018255999999999998
2011-07-12,-0.004535
2011-07-13,0.0029720000000000002
2011-07-14,-0.006927
2011-07-15,0.005392
2011-07-18,-0.008291
2011-07-19,0.016129
2011-07-20,-0.000803
2011-07-21,0.013013
2011-07-22,0.00043999999999999996
2011-07-25,-0.006116999999999999
2011-07-26,-0.004595
2011-07-27,-0.021096
2011-07-28,-0.004264
2011-07-29,-0.008079
2011-08-01,-0.005615
2011-08-02,-0.026078
2011-08-03,0.005007
2011-08-04,-0.047869
2011-08-05,-0.0007840000000000001
2011-08-08,-0.066872
2011-08-09,0.047197
2011-08-10,-0.044403
2011-08-11,0.045901
2011-08-12,0.005068
2011-08-15,0.021612
2011-08-16,-0.009506
2011-08-17,0.0006479999999999999
2011-08-18,-0.044525
2011-08-19,-0.014923
2011-08-22,0.000258
2011-08-23,0.034331
2011-08-24,0.012839999999999999
2011-08-25,-0.015682
2011-08-26,0.015147
2011-08-29,0.02828
2011-08-30,0.0022890000000000002
2011-08-31,0.004879
2011-09-01,-0.012171000000000001
2011-09-02,-0.025342999999999997
2011-09-06,-0.007502
2011-09-07,0.028764
2011-09-08,-0.010764
2011-09-09,-0.026645
2011-09-12,0.006886
2011-09-13,0.009279
2011-09-14,0.013539
2011-09-15,0.017121
2011-09-16,0.005664
2011-09-19,-0.009628000000000001
2011-09-20,-0.001838
2011-09-21,-0.029311
2011-09-22,-0.032026
2011-09-23,0.006231
2011-09-26,0.023156
2011-09-27,0.010547
2011-09-28,-0.02043
2011-09-29,0.007948
2011-09-30,-0.025082999999999998
2011-10-03,-0.028522
2011-10-04,0.022297
2011-10-05,0.017743
2011-10-06,0.018285
2011-10-07,-0.008124999999999999
2011-10-11,0.000476
2011-10-12,0.009717
2011-10-13,-0.003211
2011-10-14,0.017127
2011-10-17,-0.01954
2011-10-18,0.020316
2011-10-19,-0.012782
2011-10-20,0.004218
2011-10-21,0.01865
2011-10-24,0.012919
2011-10-25,-0.020137
2011-10-26,0.01013
2011-10-27,0.034141000000000005
2011-10-28,0.000184
2011-10-31,-0.025025
2011-11-01,-0.027971
2011-11-02,0.016057000000000002
2011-11-03,0.018597
2011-11-04,-0.006364
2011-11-07,0.006208
2011-11-08,0.011734000000000001
2011-11-09,-0.036860000000000004
2011-11-10,0.008401
2011-11-14,-0.009583999999999999
2011-11-15,0.004461
2011-11-16,-0.016855
2011-11-17,-0.016965
2011-11-18,-0.000655
2011-11-21,-0.018952999999999998
2011-11-22,-0.004313
2011-11-23,-0.022201
2011-11-25,-0.0028380000000000002
2011-11-28,0.028875
2011-11-29,0.0020599999999999998
2011-11-30,0.04296
2011-12-01,-0.00204
2011-12-02,-0.000577
2011-12-05,0.010315000000000001
2011-12-06,0.0012100000000000001
2011-12-07,0.0020269999999999997
2011-12-08,-0.021226
2011-12-09,0.016949
2011-12-12,-0.014933
2011-12-13,-0.008826
2011-12-14,-0.011303
2011-12-15,0.003205
2011-12-16,0.003265
2011-12-19,-0.011756
2011-12-20,0.029746
2011-12-21,0.001725
2011-12-22,0.008137
2011-12-23,0.009022
2011-12-27,-0.000185
2011-12-28,-0.012453
2011-12-29,0.010714
2011-12-30,-0.004375
2012-01-03,0.015250000000000001
2012-01-04,7.899999999999998e-05
2012-01-05,0.002794
2012-01-06,-0.002761
2012-01-09,0.002203
2012-01-10,0.008821
2012-01-11,0.000212
2012-01-12,0.002189
2012-01-13,-0.0050539999999999995
2012-01-17,0.0032559999999999998
2012-01-18,0.011028
2012-01-19,0.004677
2012-01-20,0.000467
2012-01-23,0.00011500000000000003
2012-01-24,-0.001142
2012-01-25,0.008201
2012-01-26,-0.006105
2012-01-27,-0.0020629999999999997
2012-01-30,-0.002884
2012-01-31,-0.000804
2012-02-01,0.008539999999999999
2012-02-02,0.000482
2012-02-03,0.013981
2012-02-06,-0.0009220000000000001
2012-02-07,0.001363
2012-02-08,0.001605
2012-02-09,0.001036
2012-02-10,-0.007501000000000001
2012-02-13,0.00621
2012-02-14,-0.001801
2012-02-15,-0.006327999999999999
2012-02-16,0.010741
2012-02-17,0.0020670000000000003
2012-02-21,0.000193
2012-02-22,-0.004175
2012-02-23,0.0036109999999999996
2012-02-24,0.001032
2012-02-27,0.0006519999999999998
2012-02-28,0.002469
2012-02-29,-0.005406
2012-03-01,0.005398
2012-03-02,-0.003678
2012-03-05,-0.004483
2012-03-06,-0.015978
2012-03-07,0.006424
2012-03-08,0.008898
2012-03-09,0.002965
2012-03-12,-0.00033200000000000005
2012-03-13,0.017422
2012-03-14,-0.002018
2012-03-15,0.0051849999999999995
2012-03-16,0.000356
2012-03-19,0.003077
2012-03-20,-0.003656
2012-03-21,-0.002798
2012-03-22,-0.007776
2012-03-23,0.0025210000000000002
2012-03-26,0.013312000000000001
2012-03-27,-0.003402
2012-03-28,-0.005448
2012-03-29,-0.001858
2012-03-30,0.003226
2012-04-02,0.006854000000000001
2012-04-03,-0.004723
2012-04-04,-0.010861
2012-04-05,-0.001163
2012-04-09,-0.012088999999999999
2012-04-10,-0.017872
2012-04-11,0.00664
2012-04-12,0.012987
2012-04-13,-0.013137
2012-04-16,-0.00115
2012-04-17,0.014803
2012-04-18,-0.004456
2012-04-19,-0.006273
2012-04-20,0.0009470000000000001
2012-04-23,-0.009189
2012-04-24,0.002627
2012-04-25,0.012738
2012-04-26,0.0060680000000000005
2012-04-27,0.0019779999999999997
2012-04-30,-0.00456
2012-05-01,0.004871
2012-05-02,-0.003041
2012-05-03,-0.008241
2012-05-04,-0.016728
2012-05-07,-0.00044199999999999996
2012-05-08,-0.005097
2012-05-09,-0.007272
2012-05-10,0.001605
2012-05-11,-0.004030000000000001
2012-05-14,-0.011817999999999999
2012-05-15,-0.006443
2012-05-16,-0.005406
2012-05-17,-0.015572
2012-05-18,-0.007886
2012-05-21,0.015507
2012-05-22,-0.00015000000000000007
2012-05-23,0.0010969999999999999
2012-05-24,0.000566
2012-05-25,-0.002782
2012-05-29,0.01054
2012-05-30,-0.014881
2012-05-31,-0.002512
2012-06-01,-0.025048
2012-06-04,-0.00013300000000000003
2012-06-05,0.005301
2012-06-06,0.022300999999999998
2012-06-07,-0.000446
2012-06-08,0.007951000000000001
2012-06-11,-0.013189
2012-06-12,0.011038000000000001
2012-06-13,-0.007732
2012-06-14,0.00991
2012-06-15,0.009916999999999999
2012-06-18,0.000978
2012-06-19,0.009226
2012-06-20,-0.002089
2012-06-21,-0.022739
2012-06-22,0.006579
2012-06-25,-0.016196000000000002
2012-06-26,0.004056
2012-06-27,0.008165
2012-06-28,-0.002417
2012-06-29,0.024728
2012-07-02,0.0018470000000000001
2012-07-03,0.005684
2012-07-05,-0.00527
2012-07-06,-0.009982
2012-07-09,-0.002241
2012-07-10,-0.008723999999999999
2012-07-11,-0.0008440000000000001
2012-07-12,-0.005838
2012-07-13,0.015796
2012-07-16,-0.002619
2012-07-17,0.006574999999999999
2012-07-18,0.005929
2012-07-19,0.0020090000000000004
2012-07-20,-0.010542
2012-07-23,-0.009767000000000001
2012-07-24,-0.009839
2012-07-25,-0.001165
2012-07-26,0.015836000000000003
2012-07-27,0.018476
2012-07-30,-0.000846
2012-07-31,-0.005143
2012-08-01,-0.003932
2012-08-02,-0.00764
2012-08-03,0.018714
2012-08-06,0.001952
2012-08-07,0.004256
2012-08-08,-0.00024200000000000003
2012-08-09,-0.000671
2012-08-10,0.001111
2012-08-13,-0.002219
2012-08-14,-0.001054
2012-08-15,0.00020600000000000002
2012-08-16,0.005883
2012-08-17,0.000957
2012-08-20,-0.000944
2012-08-21,-0.004647
2012-08-22,-0.000813
2012-08-23,-0.008955000000000001
2012-08-24,0.005557
2012-08-27,-0.001417
2012-08-28,-0.0019649999999999997
2012-08-29,-0.00030099999999999994
2012-08-30,-0.009007
2012-08-31,0.0042710000000000005
2012-09-04,-0.0019560000000000003
2012-09-05,-0.002216
2012-09-06,0.019233
2012-09-07,0.003058
2012-09-10,-0.007091999999999999
2012-09-11,0.0022640000000000004
2012-09-12,0.0011790000000000001
2012-09-13,0.015158999999999999
2012-09-14,0.0032150000000000004
2012-09-17,-0.003713
2012-09-18,-0.002104
2012-09-19,0.000393
2012-09-20,-0.001193
2012-09-21,-0.000682
2012-09-24,-0.002232
2012-09-25,-0.011234
2012-09-26,-0.006241
2012-09-27,0.009016
2012-09-28,-0.0050869999999999995
2012-10-01,0.00222
2012-10-02,2.1000000000000077e-05
2012-10-03,0.002765
2012-10-04,0.006233
2012-10-05,-0.001337
2012-10-09,-0.01105
2012-10-10,-0.007202999999999999
2012-10-11,-0.0009419999999999999
2012-10-12,-0.00401
2012-10-15,0.0070940000000000005
2012-10-16,0.008842
2012-10-17,0.00275
2012-10-18,-0.0037539999999999995
2012-10-19,-0.017642
2012-10-22,-0.000611
2012-10-23,-0.015409
2012-10-24,-0.004339
2012-10-25,0.0014569999999999997
2012-10-26,-0.001661
2012-10-31,-0.000647
2012-11-01,0.0099
2012-11-02,-0.010033
2012-11-05,0.0011569999999999998
2012-11-06,0.0067670000000000004
2012-11-07,-0.024713
2012-11-08,-0.013547
2012-11-09,0.0002469999999999998
2012-11-13,-0.005245
2012-11-14,-0.015397
2012-11-15,-0.0033490000000000004
2012-11-16,0.004136
2012-11-19,0.018968
2012-11-20,-0.000798
2012-11-21,0.0006640000000000001
2012-11-23,0.011477999999999999
2012-11-26,-0.003538
2012-11-27,-0.006888
2012-11-28,0.006307999999999999
2012-11-29,0.002635
2012-11-30,-0.0007570000000000001
2012-12-03,-0.006144
2012-12-04,-0.0022890000000000002
2012-12-05,0.0008269999999999998
2012-12-06,0.0022199999999999998
2012-12-07,0.0024100000000000002
2012-12-10,-0.000207
2012-12-11,0.006062
2012-12-12,-0.000402
2012-12-13,-0.006455
2012-12-14,-0.004155
2012-12-17,0.011607000000000001
2012-12-18,0.01101
2012-12-19,-0.007661
2012-12-20,0.0050940000000000004
2012-12-21,-0.009466
2012-12-24,-0.002617
2012-12-26,-0.005415
2012-12-27,-0.001289
2012-12-28,-0.01101
2012-12-31,0.016367
2013-01-02,0.024722
2013-01-03,-0.002799
2013-01-04,0.004398
2013-01-07,-0.003587
2013-01-08,-0.0038269999999999997
2013-01-09,0.0023109999999999997
2013-01-10,0.006913000000000001
2013-01-11,-0.000334
2013-01-14,-0.0014320000000000001
2013-01-15,0.00039499999999999995
2013-01-16,-0.000546
2013-01-17,0.00511
2013-01-18,0.003091
2013-01-22,0.004056
2013-01-23,0.000811
2013-01-24,-0.00035999999999999997
2013-01-25,0.0048070000000000005
2013-01-28,-0.002154
2013-01-29,0.004609
2013-01-30,-0.003968
2013-01-31,-0.002935
2013-02-01,0.009781
2013-02-04,-0.011863
2013-02-05,0.00978
2013-02-06,1.2000000000000075e-05
2013-02-07,-0.002059
2013-02-08,0.005301
2013-02-11,-0.001116
2013-02-12,0.000752
2013-02-13,-0.00030999999999999995
2013-02-14,-0.00047100000000000006
2013-02-15,-0.002175
2013-02-19,0.006278000000000001
2013-02-20,-0.013481
2013-02-21,-0.0073609999999999995
2013-02-22,0.0076749999999999995
2013-02-25,-0.019128000000000003
2013-02-26,0.005007999999999999
2013-02-27,0.011547
2013-02-28,-0.0016990000000000002
2013-03-01,0.001748
2013-03-04,0.004273
2013-03-05,0.008577
2013-03-06,0.00015799999999999994
2013-03-07,0.000814
2013-03-08,0.003438
2013-03-11,0.0023109999999999997
2013-03-12,-0.003248
2013-03-13,0.00042200000000000007
2013-03-14,0.004678
2013-03-15,-0.002358
2013-03-18,-0.006162
2013-03-19,-0.003178
2013-03-20,0.005977
2013-03-21,-0.009303
2013-03-22,0.0064529999999999995
2013-03-25,-0.00392
2013-03-26,0.006964
2013-03-27,-0.001118
2013-03-28,0.0036090000000000002
2013-04-01,-0.0049169999999999995
2013-04-02,0.004409000000000001
2013-04-03,-0.01113
2013-04-04,0.003365
2013-04-05,-0.0047290000000000006
2013-04-08,0.005858
2013-04-09,0.0032
2013-04-10,0.01134
2013-04-11,0.0028480000000000003
2013-04-12,-0.003245
2013-04-15,-0.023146
2013-04-16,0.013595
2013-04-17,-0.014684000000000001
2013-04-18,-0.007013
2013-04-19,0.008396
2013-04-22,0.004232
2013-04-23,0.010027000000000001
2013-04-24,-0.000497
2013-04-25,0.003758
2013-04-26,-0.002326
2013-04-29,0.006781
2013-04-30,0.002222
2013-05-01,-0.009556
2013-05-02,0.009176
2013-05-03,0.010379
2013-05-06,0.001683
2013-05-07,0.005091
2013-05-08,0.003886
2013-05-09,-0.003914
2013-05-10,0.004224
2013-05-13,-0.000153
2013-05-14,0.010116
2013-05-15,0.005123
2013-05-16,-0.005
2013-05-17,0.010153
2013-05-20,-0.0008010000000000001
2013-05-21,0.001237
2013-05-22,-0.008783
2013-05-23,-0.003309
2013-05-24,-0.0007199999999999999
2013-05-28,0.006183
2013-05-29,-0.007588
2013-05-30,0.003286
2013-05-31,-0.014457
2013-06-03,0.005628
2013-06-04,-0.005969
2013-06-05,-0.014079
2013-06-06,0.007986
2013-06-07,0.012499000000000001
2013-06-10,-0.0007700000000000001
2013-06-11,-0.010737
2013-06-12,-0.008869
2013-06-13,0.014297
2013-06-14,-0.006286
2013-06-17,0.007102000000000001
2013-06-18,0.007392999999999999
2013-06-19,-0.014319
2013-06-20,-0.025325
2013-06-21,0.0021479999999999997
2013-06-24,-0.011954
2013-06-25,0.009091
2013-06-26,0.009438
2013-06-27,0.006086
2013-06-28,-0.004575
2013-07-01,0.005274
2013-07-02,-0.000826
2013-07-03,0.0005220000000000001
2013-07-05,0.009808
2013-07-08,0.005204
2013-07-09,0.006843
2013-07-10,-0.00011199999999999998
2013-07-11,0.013392
2013-07-12,0.002809
2013-07-15,0.001318
2013-07-16,-0.003945
2013-07-17,0.002522
2013-07-18,0.004804
2013-07-19,0.001372
2013-07-22,0.001917
2013-07-23,-0.0019500000000000001
2013-07-24,-0.003939
2013-07-25,0.002286
2013-07-26,0.0006050000000000001
2013-07-29,-0.0038179999999999998
2013-07-30,0.00019200000000000006
2013-07-31,-0.000556
2013-08-01,0.012206999999999999
2013-08-02,0.001444
2013-08-05,-0.001811
2013-08-06,-0.006229999999999999
2013-08-07,-0.0044139999999999995
2013-08-08,0.003338
2013-08-09,-0.003986
2013-08-12,-0.001669
2013-08-13,0.002055
2013-08-14,-0.0057599999999999995
2013-08-15,-0.014932
2013-08-16,-0.003888
2013-08-19,-0.006251
2013-08-20,0.003528
2013-08-21,-0.005854
2013-08-22,0.008484
2013-08-23,0.003819
2013-08-26,-0.004335
2013-08-27,-0.016164
2013-08-28,0.0021019999999999997
2013-08-29,0.001768
2013-08-30,-0.003225
2013-09-03,0.0037549999999999997
2013-09-04,0.007861
2013-09-05,0.000933
2013-09-06,-0.000141
2013-09-09,0.009892
2013-09-10,0.0073349999999999995
2013-09-11,0.002895
2013-09-12,-0.003444
2013-09-13,0.0027140000000000003
2013-09-16,0.00562
2013-09-17,0.004222
2013-09-18,0.012171000000000001
2013-09-19,-0.001805
2013-09-20,-0.007288
2013-09-23,-0.004806
2013-09-24,-0.002811
2013-09-25,-0.0030670000000000003
2013-09-26,0.0030559999999999997
2013-09-27,-0.004421
2013-09-30,-0.006341
2013-10-01,0.006882
2013-10-02,-0.0014420000000000001
2013-10-03,-0.010285
2013-10-04,0.005755000000000001
2013-10-07,-0.010157
2013-10-08,-0.014828999999999998
2013-10-09,-0.002132
2013-10-10,0.019246999999999997
2013-10-11,0.0036409999999999997
2013-10-15,-0.010551999999999999
2013-10-16,0.012423
2013-10-17,0.006599
2013-10-18,0.006475
2013-10-21,-0.000164
2013-10-22,0.00541
2013-10-23,-0.0049819999999999994
2013-10-24,0.003169
2013-10-25,0.004338000000000001
2013-10-28,0.0012009999999999998
2013-10-29,0.004974
2013-10-30,-0.005301999999999999
2013-10-31,-0.004004
2013-11-01,0.0025050000000000003
2013-11-04,0.003402
2013-11-05,-0.003349
2013-11-06,0.003897
2013-11-07,-0.013666
2013-11-08,0.012968
2013-11-12,-0.002778
2013-11-13,0.007512
2013-11-14,0.004248
2013-11-15,0.003556
2013-11-18,-0.0040809999999999996
2013-11-19,-0.00264
2013-11-20,-0.004224
2013-11-21,0.007873
2013-11-22,0.004741
2013-11-25,-0.001449
2013-11-26,-0.000497
2013-11-27,0.0019520000000000002
2013-11-29,-0.0012460000000000001
2013-12-02,-0.002769
2013-12-03,-0.0036450000000000002
2013-12-04,-0.0017699999999999999
2013-12-05,-0.004679
2013-12-06,0.010946000000000001
2013-12-09,0.001529
2013-12-10,-0.0036019999999999997
2013-12-11,-0.011433
2013-12-12,-0.003965
2013-12-13,-0.000284
2013-12-16,0.006216
2013-12-17,-0.003297
2013-12-18,0.016470000000000002
2013-12-19,-0.000729
2013-12-20,0.004932
2013-12-23,0.005085999999999999
2013-12-24,0.0028030000000000004
2013-12-26,0.004782
2013-12-27,-0.000416
2013-12-30,-0.000278
2013-12-31,0.003821
2014-01-02,-0.008832
2014-01-03,-0.000415
2014-01-06,-0.0026119999999999997
2014-01-07,0.00598
2014-01-08,-0.000231
2014-01-09,0.00026900000000000003
2014-01-10,0.002258
2014-01-13,-0.012631
2014-01-14,0.010861
2014-01-15,0.004933
2014-01-16,-0.0014810000000000001
2014-01-17,-0.00392
2014-01-21,0.0026690000000000004
2014-01-22,0.000526
2014-01-23,-0.009025
2014-01-24,-0.021294
2014-01-27,-0.005416
2014-01-28,0.005785
2014-01-29,-0.010681
2014-01-30,0.011035000000000001
2014-01-31,-0.006944
2014-02-03,-0.023357000000000003
2014-02-04,0.006436000000000001
2014-02-05,-0.003325
2014-02-06,0.011703999999999999
2014-02-07,0.012282999999999999
2014-02-10,0.0009509999999999998
2014-02-11,0.010579999999999999
2014-02-12,-0.000395
2014-02-13,0.005847
2014-02-14,0.004639
2014-02-18,0.0009299999999999999
2014-02-19,-0.006818
2014-02-20,0.0057610000000000005
2014-02-21,-0.0020829999999999998
2014-02-24,0.006065
2014-02-25,-0.001725
2014-02-26,-0.00021300000000000003
2014-02-27,0.00443
2014-02-28,0.0023139999999999997
2014-03-03,-0.007814
2014-03-04,0.014703
2014-03-05,-0.000632
2014-03-06,0.0009510000000000001
2014-03-07,-0.00017599999999999994
2014-03-10,-0.001049
2014-03-11,-0.00568
2014-03-12,-0.00015300000000000003
2014-03-13,-0.012315
2014-03-14,-0.003308
2014-03-17,0.009101
2014-03-18,0.006566
2014-03-19,-0.006892
2014-03-20,0.00541
2014-03-21,-0.003474
2014-03-24,-0.005246000000000001
2014-03-25,0.0038179999999999998
2014-03-26,-0.007553000000000001
2014-03-27,-0.002086
2014-03-28,0.004333
2014-03-31,0.007646
2014-04-01,0.006908
2014-04-02,0.002636
2014-04-03,-0.001493
2014-04-04,-0.012941
2014-04-07,-0.010983
2014-04-08,0.0035849999999999996
2014-04-09,0.010635
2014-04-10,-0.021313000000000002
2014-04-11,-0.009951
2014-04-14,0.007976
2014-04-15,0.006403
2014-04-16,0.010226
2014-04-17,0.0010999999999999998
2014-04-21,0.003523
2014-04-22,0.003866
2014-04-23,-0.002473
2014-04-24,0.001637
2014-04-25,-0.008393
2014-04-28,0.003162
2014-04-29,0.004641
2014-04-30,0.002877
2014-05-01,-0.00030900000000000003
2014-05-02,-0.0014780000000000001
2014-05-05,0.001718
2014-05-06,-0.009306
2014-05-07,0.005187
2014-05-08,-0.0015370000000000002
2014-05-09,0.0014299999999999998
2014-05-12,0.009666
2014-05-13,0.000143
2014-05-14,-0.004948999999999999
2014-05-15,-0.009642999999999999
2014-05-16,0.003621
2014-05-19,0.003715
2014-05-20,-0.006955
2014-05-21,0.007716
2014-05-22,0.002006
2014-05-23,0.003915
2014-05-27,0.005687
2014-05-28,-0.001567
2014-05-29,0.004867
2014-05-30,0.001385
2014-06-02,0.000341
2014-06-03,-0.000835
2014-06-04,0.001521
2014-06-05,0.0062770000000000005
2014-06-06,0.004468000000000001
2014-06-09,0.0006150000000000001
2014-06-10,-0.000668
2014-06-11,-0.0038599999999999997
2014-06-12,-0.007320999999999999
2014-06-13,0.002922
2014-06-16,0.000521
2014-06-17,0.0019200000000000003
2014-06-18,0.0075390000000000006
2014-06-19,0.0010739999999999999
2014-06-20,0.001585
2014-06-23,-0.000221
2014-06-24,-0.006536
2014-06-25,0.004698
2014-06-26,-0.0014190000000000001
2014-06-27,0.0018110000000000001
2014-06-30,-0.000547
2014-07-01,0.006386
2014-07-02,0.00039999999999999996
2014-07-03,0.005287
2014-07-07,-0.004084
2014-07-08,-0.007207
2014-07-09,0.004301
2014-07-10,-0.004344
2014-07-11,0.001323
2014-07-14,0.004652000000000001
2014-07-15,-0.002137
2014-07-16,0.0040360000000000005
2014-07-17,-0.011909000000000001
2014-07-18,0.009934
2014-07-21,-0.00249
2014-07-22,0.00466
2014-07-23,0.001454
2014-07-24,5.499999999999998e-05
2014-07-25,-0.005256
2014-07-28,-7.399999999999998e-05
2014-07-29,-0.004843
2014-07-30,-0.000267
2014-07-31,-0.020087999999999998
2014-08-01,-0.0030819999999999997
2014-08-04,0.006932000000000001
2014-08-05,-0.009887
2014-08-06,-0.00027499999999999996
2014-08-07,-0.005834
2014-08-08,0.011199
2014-08-11,0.002419
2014-08-12,-0.002219
2014-08-13,0.006286
2014-08-14,0.003912
2014-08-15,-0.00033099999999999997
2014-08-18,0.008365
2014-08-19,0.004685
2014-08-20,0.0020529999999999997
2014-08-21,0.002651
2014-08-22,-0.002285
2014-08-25,0.004568
2014-08-26,0.000681
2014-08-27,-0.000272
2014-08-28,-0.001922
2014-08-29,0.003082
2014-09-02,-0.000679
2014-09-03,-0.000951
2014-09-04,-0.0016120000000000002
2014-09-05,0.0048330000000000005
2014-09-08,-0.00326
2014-09-09,-0.006665
2014-09-10,0.0034750000000000002
2014-09-11,0.0007499999999999999
2014-09-12,-0.006031
2014-09-15,-0.000925
2014-09-16,0.007428
2014-09-17,0.001135
2014-09-18,0.0047929999999999995
2014-09-19,-0.000557
2014-09-22,-0.008037
2014-09-23,-0.005936
2014-09-24,0.007877
2014-09-25,-0.016122
2014-09-26,0.00841
2014-09-29,-0.0026829999999999996
2014-09-30,-0.002902
2014-10-01,-0.013269
2014-10-02,-3.8e-05
2014-10-03,0.011055
2014-10-06,-0.0016250000000000001
2014-10-07,-0.015299
2014-10-08,0.017249
2014-10-09,-0.020818999999999997
2014-10-10,-0.011590000000000001
2014-10-14,0.001329
2014-10-15,-0.008387
2014-10-16,-0.000359
2014-10-17,0.012437
2014-10-20,0.008864
2014-10-21,0.019066
2014-10-22,-0.007601
2014-10-23,0.011981
2014-10-24,0.006655
2014-10-27,-0.0017779999999999998
2014-10-28,0.011616999999999999
2014-10-29,-0.001498
2014-10-30,0.006214
2014-10-31,0.011588000000000001
2014-11-03,-0.000474
2014-11-04,-0.0031680000000000002
2014-11-05,0.005171
2014-11-06,0.003418
2014-11-07,8.5e-05
2014-11-10,0.002822
2014-11-12,-0.00123
2014-11-13,0.000325
2014-11-14,-9.300000000000004e-05
2014-11-17,0.000564
2014-11-18,0.004705
2014-11-19,-0.001728
2014-11-20,0.001433
2014-11-21,0.004788
2014-11-24,0.0024779999999999997
2014-11-25,-0.0018440000000000002
2014-11-26,0.002053
2014-11-28,-0.002576
2014-12-01,-0.007145
2014-12-02,0.005902
2014-12-03,0.003249
2014-12-04,-0.001434
2014-12-05,0.0013989999999999999
2014-12-08,-0.007467
2014-12-09,-0.0007
2014-12-10,-0.01683
2014-12-11,0.004364000000000001
2014-12-12,-0.016293
2014-12-15,-0.006372999999999999
2014-12-16,-0.008911
2014-12-17,0.019968999999999997
2014-12-18,0.023743
2014-12-19,0.004376
2014-12-22,0.0038500000000000006
2014-12-23,0.001656
2014-12-24,-0.000286
2014-12-26,0.0032080000000000003
2014-12-29,0.000624
2014-12-30,-0.005155
2014-12-31,-0.010546999999999999
2015-01-02,-0.000498
2015-01-05,-0.01838
2015-01-06,-0.009069
2015-01-07,0.011601
2015-01-08,0.017708
2015-01-09,-0.008605
2015-01-12,-0.00818
2015-01-13,-0.00286
2015-01-14,-0.006134
2015-01-15,-0.009475
2015-01-16,0.013105
2015-01-20,0.001554
2015-01-21,0.004658
2015-01-22,0.015091
2015-01-23,-0.005561999999999999
2015-01-26,0.002289
2015-01-27,-0.013493
2015-01-28,-0.013624
2015-01-29,0.009455
2015-01-30,-0.012948999999999999
2015-02-02,0.012725
2015-02-03,0.014085
2015-02-04,-0.0042120000000000005
2015-02-05,0.010033
2015-02-06,-0.0034709999999999997
2015-02-09,-0.0045509999999999995
2015-02-10,0.010591999999999999
2015-02-11,-0.00034
2015-02-12,0.009387999999999999
2015-02-13,0.003795
2015-02-17,0.0013369999999999999
2015-02-18,-0.000498
2015-02-19,-0.001304
2015-02-20,0.005860000000000001
2015-02-23,-0.000359
2015-02-24,0.002456
2015-02-25,-0.00095
2015-02-26,-0.001624
2015-02-27,-0.003082
2015-03-02,0.006013
2015-03-03,-0.004699
2015-03-04,-0.004484
2015-03-05,0.0011389999999999998
2015-03-06,-0.014521000000000001
2015-03-09,0.0038430000000000005
2015-03-10,-0.017161000000000003
2015-03-11,-0.00232
2015-03-12,0.012431
2015-03-13,-0.0063
2015-03-16,0.013411
2015-03-17,-0.003853
2015-03-18,0.011918999999999999
2015-03-19,-0.005051
2015-03-20,0.0091
2015-03-23,-0.0019110000000000002
2015-03-24,-0.006324
2015-03-25,-0.014874
2015-03-26,-0.0025080000000000002
2015-03-27,0.002091
2015-03-30,0.011986
2015-03-31,-0.009163000000000001
2015-04-01,-0.0042829999999999995
2015-04-02,0.0032819999999999998
2015-04-06,0.006394
2015-04-07,-0.002321
2015-04-08,0.002617
2015-04-09,0.00423
2015-04-10,0.004948999999999999
2015-04-13,-0.004763
2015-04-14,0.001413
2015-04-15,0.004881
2015-04-16,-0.001137
2015-04-17,-0.011708
2015-04-20,0.008863
2015-04-21,-0.001595
2015-04-22,0.004993999999999999
2015-04-23,0.0022800000000000003
2015-04-24,0.0021260000000000003
2015-04-27,-0.004244
2015-04-28,0.002843
2015-04-29,-0.003637
2015-04-30,-0.01
2015-05-01,0.010828
2015-05-04,0.002782
2015-05-05,-0.011904
2015-05-06,-0.00465
2015-05-07,0.003749
2015-05-08,0.013259
2015-05-11,-0.005207
2015-05-12,-0.002963
2015-05-13,-0.0005200000000000001
2015-05-14,0.010787
2015-05-15,0.000506
2015-05-18,0.0029490000000000002
2015-05-19,-0.0011740000000000001
2015-05-20,-0.001148
2015-05-21,0.0021869999999999997
2015-05-22,-0.002339
2015-05-26,-0.010435999999999999
2015-05-27,0.008973
2015-05-28,-0.001392
2015-05-29,-0.006372
2015-06-01,0.0018929999999999997
2015-06-02,-0.0011920000000000001
2015-06-03,0.001961
2015-06-04,-0.008819
2015-06-05,-0.001672
2015-06-08,-0.006649
2015-06-09,0.000384
2015-06-10,0.012011
2015-06-11,0.001609
2015-06-12,-0.007067
2015-06-15,-0.004645
2015-06-16,0.005791
2015-06-17,0.002009
2015-06-18,0.009817999999999999
2015-06-19,-0.005233
2015-06-22,0.006247
2015-06-23,0.000767
2015-06-24,-0.007232
2015-06-25,-0.002879
2015-06-26,-0.00035
2015-06-29,-0.020725
2015-06-30,0.002453
2015-07-01,0.006762
2015-07-02,-0.000355
2015-07-06,-0.003933
2015-07-07,0.006033
2015-07-08,-0.016752
2015-07-09,0.002085
2015-07-10,0.012265
2015-07-13,0.010962
2015-07-14,0.004162
2015-07-15,-0.001235
2015-07-16,0.007764999999999999
2015-07-17,0.0009930000000000002
2015-07-20,0.0005549999999999999
2015-07-21,-0.0047090000000000005
2015-07-22,-0.0027110000000000003
2015-07-23,-0.006176
2015-07-24,-0.010851999999999999
2015-07-27,-0.006137
2015-07-28,0.011781999999999999
2015-07-29,0.006827
2015-07-30,-0.000406
2015-07-31,-0.002598
2015-08-03,-0.002875
2015-08-04,-0.002661
2015-08-05,0.0028
2015-08-06,-0.008196
2015-08-07,-0.003348
2015-08-10,0.012445
2015-08-11,-0.009931
2015-08-12,0.000304
2015-08-13,-0.001957
2015-08-14,0.003576
2015-08-17,0.0048850000000000005
2015-08-18,-0.003279
2015-08-19,-0.008734
2015-08-20,-0.021064
2015-08-21,-0.032013
2015-08-24,-0.039597
2015-08-25,-0.013784999999999999
2015-08-26,0.038799
2015-08-27,0.023966
2015-08-28,0.00031000000000000005
2015-08-31,-0.008432
2015-09-01,-0.029566
2015-09-02,0.018207
2015-09-03,0.001058
2015-09-04,-0.015477000000000001
2015-09-08,0.025113
2015-09-09,-0.014095
2015-09-10,0.0049380000000000005
2015-09-11,0.004203999999999999
2015-09-14,-0.0042769999999999996
2015-09-15,0.012688
2015-09-16,0.008863
2015-09-17,-0.0024140000000000003
2015-09-18,-0.015985
2015-09-21,0.004699
2015-09-22,-0.012147
2015-09-23,-0.0017790000000000002
2015-09-24,-0.003118
2015-09-25,-0.00031900000000000006
2015-09-28,-0.025571
2015-09-29,0.0012230000000000001
2015-09-30,0.019313
2015-10-01,0.002117
2015-10-02,0.01464
2015-10-05,0.018459999999999997
2015-10-06,-0.0035540000000000003
2015-10-07,0.007984
2015-10-08,0.008851999999999999
2015-10-09,0.000676
2015-10-13,-0.006795
2015-10-14,-0.005284
2015-10-15,0.014691
2015-10-16,0.004342
2015-10-19,-0.000515
2015-10-20,-0.002321
2015-10-21,-0.005906000000000001
2015-10-22,0.016323
2015-10-23,0.010824
2015-10-26,-0.001908
2015-10-27,-0.0026219999999999998
2015-10-28,0.011378
2015-10-29,-0.000652
2015-10-30,-0.004818
2015-11-02,0.011585
2015-11-03,0.001963
2015-11-04,-0.004141000000000001
2015-11-05,-0.001341
2015-11-06,-0.00081
2015-11-09,-0.010332000000000001
2015-11-10,0.000816
2015-11-12,-0.014719000000000001
2015-11-13,-0.011593
2015-11-16,0.014588
2015-11-17,-0.001858
2015-11-18,0.015472
2015-11-19,-0.001725
2015-11-20,0.00328
2015-11-23,-0.001558
2015-11-24,-0.0001250000000000001
2015-11-25,-0.0013950000000000002
2015-11-27,-0.0007700000000000002
2015-11-30,-0.005879
2015-12-01,0.008749999999999999
2015-12-02,-0.012879
2015-12-03,-0.016082
2015-12-04,0.018659
2015-12-07,-0.008858000000000001
2015-12-08,-0.008672
2015-12-09,-0.009655
2015-12-10,0.0003139999999999998
2015-12-11,-0.020932000000000003
2015-12-14,0.003685
2015-12-15,0.008337
2015-12-16,0.012597
2015-12-17,-0.016916
2015-12-18,-0.019158
2015-12-21,0.006455
2015-12-22,0.006940000000000001
2015-12-23,0.01047
2015-12-24,-0.003141
2015-12-28,-0.0032839999999999996
2015-12-29,0.008911
2015-12-30,-0.007965
2015-12-31,-0.010835000000000001
2016-01-04,-0.017117
2016-01-05,0.000134
2016-01-06,-0.015012
2016-01-07,-0.025460999999999998
2016-01-08,-0.012901
2016-01-11,-0.000845
2016-01-12,0.005527000000000001
2016-01-13,-0.02736
2016-01-14,0.014422
2016-01-15,-0.023606
2016-01-19,-0.0014190000000000001
2016-01-20,-0.014328
2016-01-21,0.0026699999999999996
2016-01-22,0.017813000000000002
2016-01-25,-0.017754
2016-01-26,0.011203
2016-01-27,-0.013592
2016-01-28,0.003198
2016-01-29,0.022403
2016-02-01,-0.002082
2016-02-02,-0.021295
2016-02-03,0.0018510000000000002
2016-02-04,-0.0009209999999999997
2016-02-05,-0.020671000000000002
2016-02-08,-0.016344
2016-02-09,-0.003464
2016-02-10,-0.0027700000000000003
2016-02-11,-0.014821
2016-02-12,0.016802
2016-02-16,0.014311
2016-02-17,0.013707
2016-02-18,-0.007659
2016-02-19,-0.0024730000000000004
2016-02-22,0.011813
2016-02-23,-0.015007000000000001
2016-02-24,0.0016489999999999994
2016-02-25,0.008818
2016-02-26,-0.004378
2016-02-29,-0.010389
2016-03-01,0.020668
2016-03-02,0.0012820000000000002
2016-03-03,0.000993
2016-03-04,0.000608
2016-03-07,-0.0017700000000000003
2016-03-08,-0.013832
2016-03-09,0.002227
2016-03-10,-0.002558
2016-03-11,0.013596999999999998
2016-03-14,-0.003849
2016-03-15,-0.00476
2016-03-16,0.0028859999999999997
2016-03-17,0.0034850000000000003
2016-03-18,0.0016259999999999998
2016-03-21,-0.001503
2016-03-22,-0.0037050000000000004
2016-03-23,-0.009038000000000001
2016-03-24,-0.002728
2016-03-28,-0.001232
2016-03-29,0.006994
2016-03-30,0.0029889999999999995
2016-03-31,-0.0038309999999999998
2016-04-01,0.00438
2016-04-04,-0.005068
2016-04-05,-0.012048000000000001
2016-04-06,0.008607
2016-04-07,-0.014027
2016-04-08,0.0007669999999999999
2016-04-11,-0.004704
2016-04-12,0.00762
2016-04-13,0.007841
2016-04-14,-0.0019649999999999997
2016-04-15,-0.002777
2016-04-18,0.0051210000000000006
2016-04-19,0.001114
2016-04-20,-0.0011159999999999998
2016-04-21,-0.007153
2016-04-22,-0.001885
2016-04-25,-0.0032570000000000003
2016-04-26,-0.0001249999999999999
2016-04-27,-0.000134
2016-04-28,-0.010912
2016-04-29,-0.006558
2016-05-02,0.006952000000000001
2016-05-03,-0.010502
2016-05-04,-0.007613999999999999
2016-05-05,-0.002138
2016-05-06,0.001339
2016-05-09,-0.0011879999999999998
2016-05-10,0.009981
2016-05-11,-0.012167
2016-05-12,-0.002548
2016-05-13,-0.010999
2016-05-16,0.007801000000000001
2016-05-17,-0.012141
2016-05-18,-0.002601
2016-05-19,-0.005575999999999999
2016-05-20,0.0035089999999999995
2016-05-23,-0.004596
2016-05-24,0.010957999999999999
2016-05-25,0.004597
2016-05-26,-0.0017770000000000002
2016-05-27,0.002029
2016-05-31,-0.003579
2016-06-01,-0.0016040000000000002
2016-06-02,0.0008950000000000002
2016-06-03,-0.004641
2016-06-06,0.0030310000000000003
2016-06-07,-0.0007750000000000001
2016-06-08,0.0013
2016-06-09,-0.003839
2016-06-10,-0.010955
2016-06-13,-0.010255
2016-06-14,-0.004141
2016-06-15,-0.004085
2016-06-16,0.0007999999999999999
2016-06-17,-0.005434
2016-06-20,0.003651
2016-06-21,0.000147
2016-06-22,-0.004154
2016-06-23,0.010620999999999998
2016-06-24,-0.038123
2016-06-27,-0.020112
2016-06-28,0.015097000000000001
2016-06-29,0.015325000000000002
2016-06-30,0.011627
2016-07-01,-0.000317
2016-07-05,-0.009408
2016-07-06,0.0027709999999999996
2016-07-07,-0.003578
2016-07-08,0.012588
2016-07-11,0.0007469999999999998
2016-07-12,0.003887
2016-07-13,-0.0027429999999999998
2016-07-14,0.002308
2016-07-15,-0.003562
2016-07-18,-0.00010600000000000019
2016-07-19,-0.004331
2016-07-20,0.0015509999999999994
2016-07-21,-0.006403000000000001
2016-07-22,0.001705
2016-07-25,-0.005586000000000001
2016-07-26,-0.002231
2016-07-27,-0.003773
2016-07-28,-0.00014599999999999986
2016-07-29,-0.00010399999999999993
2016-08-01,-0.003086
2016-08-02,-0.009235
2016-08-03,0.0004609999999999996
2016-08-04,-0.0021379999999999997
2016-08-05,0.006316
2016-08-08,-0.0035130000000000005
2016-08-09,-0.0023580000000000003
2016-08-10,-0.005425
2016-08-11,0.002018
2016-08-12,-0.003461
2016-08-15,0.00021799999999999988
2016-08-16,-0.00821
2016-08-17,-0.0009020000000000002
2016-08-18,-0.0003880000000000003
2016-08-19,-0.004241
2016-08-22,-0.002848
2016-08-23,-0.0009270000000000003
2016-08-24,-0.008062
2016-08-25,-0.004135
2016-08-26,-0.004228
2016-08-29,0.002795
2016-08-30,-0.004318
2016-08-31,-0.004897
2016-09-01,-0.0025490000000000005
2016-09-02,0.0017180000000000003
2016-09-06,0.0006230000000000003
2016-09-07,-0.00269
2016-09-08,-0.004768
2016-09-09,-0.026946
2016-09-12,0.012591999999999999
2016-09-13,-0.017282
2016-09-14,-0.0030239999999999998
2016-09-15,0.008211
2016-09-16,-0.005621
2016-09-19,-0.0015100000000000003
2016-09-20,-0.0013720000000000002
2016-09-21,0.009629
2016-09-22,0.005535
2016-09-23,-0.006516
2016-09-26,-0.009648
2016-09-27,0.004955
2016-09-28,0.0037999999999999996
2016-09-29,-0.010471000000000001
2016-09-30,0.006115
2016-10-03,-0.005613999999999999
2016-10-04,-0.007753
2016-10-05,0.0016419999999999998
2016-10-06,-0.002244
2016-10-07,-0.005811
2016-10-11,-0.01508
2016-10-12,-0.001372
2016-10-13,-0.005574000000000001
2016-10-14,-0.002267
2016-10-17,-0.005357
2016-10-18,0.00359
2016-10-19,-0.0002559999999999997
2016-10-20,-0.0037949999999999998
2016-10-21,-0.002235
2016-10-24,0.0028620000000000004
2016-10-25,-0.0059640000000000006
2016-10-26,-0.004319
2016-10-27,-0.004819
2016-10-28,-0.004783
2016-10-31,-0.001787
2016-11-01,-0.009214
2016-11-02,-0.008891
2016-11-03,-0.00673
2016-11-04,-0.004191
2016-11-07,0.019576999999999997
2016-11-08,0.0009959999999999995
2016-11-09,0.007952
2016-11-10,-0.0013189999999999999
2016-11-14,-0.003117
2016-11-15,0.004593
2016-11-16,-0.004641
2016-11-17,0.0016220000000000002
2016-11-18,-0.005194000000000001
2016-11-21,0.00503
2016-11-22,-0.0011110000000000004
2016-11-23,-0.002627
2016-11-25,0.0006309999999999992
2016-11-28,-0.008213
2016-11-29,-0.0020670000000000003
2016-11-30,-0.0066099999999999996
2016-12-01,-0.006821
2016-12-02,-0.002774
2016-12-05,0.002721
2016-12-06,9.999999999999593e-06
2016-12-07,0.009451
2016-12-08,-0.0016810000000000002
2016-12-09,0.0019539999999999996
2016-12-12,-0.0051660000000000005
2016-12-13,0.0019170000000000003
2016-12-14,-0.012899
2016-12-15,-0.000915
2016-12-16,-0.006289
2016-12-19,-0.0024200000000000003
2016-12-20,-0.001056
2016-12-21,-0.0069570000000000005
2016-12-22,-0.006163
2016-12-23,-0.0028409999999999998
2016-12-27,-0.0026119999999999997
2016-12-28,-0.013019
2016-12-29,-0.004095
2016-12-30,-0.008982
2017-01-03,0.0033939999999999994
2017-01-04,0.0009960000000000004
2017-01-05,-0.0057150000000000005
2017-01-06,-0.0014749999999999997
2017-01-09,-0.008375
2017-01-10,-0.00502
2017-01-11,-0.0021060000000000002
2017-01-12,-0.0071660000000000005
2017-01-13,-0.0033220000000000003
2017-01-17,-0.007846
2017-01-18,-0.002974
2017-01-19,-0.008169
2017-01-20,-0.0011300000000000004
2017-01-23,-0.007111000000000001
2017-01-24,0.0017090000000000004
2017-01-25,0.003203
2017-01-26,-0.0054989999999999995
2017-01-27,-0.005827
2017-01-30,-0.010762
2017-01-31,-0.005726
2017-02-01,-0.004717
2017-02-02,-0.00425
2017-02-03,0.0023190000000000007
2017-02-06,-0.006847000000000001
2017-02-07,-0.004709
2017-02-08,-0.004333
2017-02-09,0.0008060000000000003
2017-02-10,-0.0014850000000000002
2017-02-13,0.00023200000000000044
2017-02-14,-0.0009779999999999997
2017-02-15,-0.0001990000000000004
2017-02-16,-0.0060090000000000005
2017-02-17,-0.0029159999999999998
2017-02-21,0.0013300000000000005
2017-02-22,-0.005703
2017-02-23,-0.003519
2017-02-24,-0.0023830000000000006
2017-02-27,-0.003414
2017-02-28,-0.006615
2017-03-01,0.008917999999999999
2017-03-02,-0.010755
2017-03-03,-0.004976
2017-03-06,-0.008565
2017-03-07,-0.008322
2017-03-08,-0.0074210000000000005
2017-03-09,-0.003986
2017-03-10,-0.0025359999999999996
2017-03-13,-0.006359
2017-03-14,-0.010867
2017-03-15,0.0013300000000000013
2017-03-16,-0.008098000000000001
2017-03-17,-0.008347
2017-03-20,-0.008845
2017-03-21,-0.019847999999999998
2017-03-22,-0.005407
2017-03-23,-0.008253
2017-03-24,-0.008010999999999999
2017-03-27,-0.008143
2017-03-28,-0.00015300000000000036
2017-03-29,-0.006254
2017-03-30,-0.004472
2017-03-31,-0.009447
2017-04-03,-0.008749999999999999
2017-04-04,-0.007015
2017-04-05,-0.010623
2017-04-06,-0.005864
2017-04-07,-0.008331999999999999
2017-04-10,-0.00688
2017-04-11,-0.008692
2017-04-12,-0.011306
2017-04-13,-0.014270999999999999
2017-04-17,0.0011869999999999988
2017-04-18,-0.010284
2017-04-19,-0.009116
2017-04-20,0.0003420000000000003
2017-04-21,-0.010116
2017-04-24,0.0035589999999999997
2017-04-25,-0.0012109999999999994
2017-04-26,-0.007776
2017-04-27,-0.006286
2017-04-28,-0.008364
2017-05-01,-0.004651000000000001
2017-05-02,-0.005944
2017-05-03,-0.008564
2017-05-04,-0.006177
2017-05-05,-0.002778
2017-05-08,-0.007027
2017-05-09,-0.008181
2017-05-10,-0.005769
2017-05-11,-0.008796000000000002
2017-05-12,-0.008124000000000001
2017-05-15,-0.002125
2017-05-16,-0.007828
2017-05-17,-0.025071
2017-05-18,-0.0032239999999999994
2017-05-19,-2.2000000000000318e-05
2017-05-22,-0.0014230000000000007
2017-05-23,-0.005658
2017-05-24,-0.004822
2017-05-25,-0.002495999999999999
2017-05-26,-0.006885
2017-05-30,-0.008833
2017-05-31,-0.008898000000000001
2017-06-01,-0.0003340000000000001
2017-06-02,-0.004286
2017-06-05,-0.009162
2017-06-06,-0.011119999999999998
2017-06-07,-0.006600999999999999
2017-06-08,-0.0075970000000000005
2017-06-09,-0.00888
2017-06-12,-0.008878
2017-06-13,-0.004268000000000001
2017-06-14,-0.009839
2017-06-15,-0.010705
2017-06-16,-0.008312
2017-06-19,0.00014900000000000156
2017-06-20,-0.015323999999999999
2017-06-21,-0.008794999999999999
2017-06-22,-0.008103
2017-06-23,-0.005843
2017-06-26,-0.007341
2017-06-27,-0.016877000000000003
2017-06-28,8.99999999999998e-05
2017-06-29,-0.017273
2017-06-30,-0.006802999999999999
2017-07-03,-0.007416
2017-07-05,-0.008315
2017-07-06,-0.018636
2017-07-07,-0.002796
2017-07-10,-0.008359
2017-07-11,-0.010221
2017-07-12,-0.0018409999999999998
2017-07-13,-0.007375000000000001
2017-07-14,-0.0043360000000000004
2017-07-17,-0.00929
2017-07-18,-0.008701
2017-07-19,-0.0043820000000000005
2017-07-20,-0.009767
2017-07-21,-0.010023
2017-07-24,-0.010549999999999999
2017-07-25,-0.006423
2017-07-26,-0.009634
2017-07-27,-0.010879000000000002
2017-07-28,-0.011254
2017-07-31,-0.010657
2017-08-01,-0.007427
2017-08-02,-0.009725000000000001
2017-08-03,-0.011994999999999999
2017-08-04,-0.008005
2017-08-07,-0.00799
2017-08-08,-0.012216
2017-08-09,-0.010359
2017-08-10,-0.024502
2017-08-11,-0.008449
2017-08-14,0.000730999999999999
2017-08-15,-0.010098999999999999
2017-08-16,-0.008098
2017-08-17,-0.024871
2017-08-18,-0.01138
2017-08-21,-0.008117000000000001
2017-08-22,0.0007030000000000005
2017-08-23,-0.013159
2017-08-24,-0.011909
2017-08-25,-0.008116
2017-08-28,-0.009408
2017-08-29,-0.008602
2017-08-30,-0.004775000000000001
2017-08-31,-0.0037280000000000013
2017-09-01,-0.0074340000000000005
2017-09-05,-0.020171
2017-09-06,-0.007082000000000001
2017-09-07,-0.009656
2017-09-08,-0.010992
2017-09-11,0.0012460000000000006
2017-09-12,-0.006390999999999999
2017-09-13,-0.008976
2017-09-14,-0.010865
2017-09-15,-0.008032
2017-09-18,-0.008083
2017-09-19,-0.008594999999999998
2017-09-20,-0.009026000000000001
2017-09-21,-0.012751
2017-09-22,-0.008905
2017-09-25,-0.011747
2017-09-26,-0.009351
2017-09-27,-0.005607
2017-09-28,-0.008312
2017-09-29,-0.005766
2017-10-02,-0.005453000000000001
2017-10-03,-0.007683000000000001
2017-10-04,-0.008572999999999999
2017-10-05,-0.004294
2017-10-06,-0.011171
2017-10-10,-0.007670000000000001
2017-10-11,-0.008259
2017-10-12,-0.01129
2017-10-13,-0.008616
2017-10-16,-0.0077350000000000006
2017-10-17,-0.009055
2017-10-18,-0.00893
2017-10-19,-0.009435
2017-10-20,-0.004577
2017-10-23,-0.013725
2017-10-24,-0.008274
2017-10-25,-0.014505
2017-10-26,-0.008453
2017-10-27,-0.001228
2017-10-30,-0.012699
2017-10-31,-0.008771
2017-11-01,-0.0088
2017-11-02,-0.009777000000000001
2017-11-03,-0.006818
2017-11-06,-0.00878
2017-11-07,-0.010397
2017-11-08,-0.008683
2017-11-09,-0.014284000000000002
2017-11-10,-0.011078000000000001
2017-11-13,-0.009400000000000002
2017-11-14,-0.012556000000000001
2017-11-15,-0.016171
2017-11-16,-0.001712
2017-11-17,-0.013211
2017-11-20,-0.009275
2017-11-21,-0.004894999999999999
2017-11-22,-0.012105999999999999
2017-11-24,-0.009023000000000002
2017-11-27,-0.011577000000000002
2017-11-28,-0.0017529999999999994
2017-11-29,-0.01191
2017-11-30,-0.003164000000000002
2017-12-01,-0.013159
2017-12-04,-0.012435
2017-12-05,-0.015522
2017-12-06,-0.011642999999999999
2017-12-07,-0.008469999999999998
2017-12-08,-0.005631000000000001
2017-12-11,-0.008223999999999999
2017-12-12,-0.010898999999999999
2017-12-13,-0.0124
2017-12-14,-0.015903999999999998
2017-12-15,-0.0033840000000000016
2017-12-18,-0.006916
2017-12-19,-0.015439
2017-12-20,-0.012907
2017-12-21,-0.009882
2017-12-22,-0.011609000000000001
2017-12-26,-0.013098
2017-12-27,-0.010765
2017-12-28,-0.009781999999999999
2017-12-29,-0.017715
2018-01-02,-0.0044680000000000015
2018-01-03,-0.006262000000000001
2018-01-04,-0.00846
2018-01-05,-0.005353999999999999
2018-01-08,-0.010808
2018-01-09,-0.011239
2018-01-10,-0.014131
2018-01-11,-0.005873
2018-01-12,-0.005973000000000001
2018-01-16,-0.016595
2018-01-17,-0.0034560000000000007
2018-01-18,-0.014126
2018-01-19,-0.008029000000000001
2018-01-22,-0.0042190000000000005
2018-01-23,-0.010107999999999999
2018-01-24,-0.012805
2018-01-25,-0.011256
2018-01-26,-0.0002859999999999998
2018-01-29,-0.018911
2018-01-30,-0.025519
2018-01-31,-0.013654
2018-02-01,-0.014894999999999999
2018-02-02,-0.03468
2018-02-05,-0.054571
2018-02-06,0.0027929999999999986
2018-02-07,-0.018277
2018-02-08,-0.050464999999999996
2018-02-09,0.0017339999999999994
2018-02-12,0.0008310000000000001
2018-02-13,-0.010377
2018-02-14,0.0004979999999999984
2018-02-15,-0.0008230000000000008
2018-02-16,-0.012954
2018-02-20,-0.020133
2018-02-21,-0.019298
2018-02-22,-0.012186000000000002
2018-02-23,0.002394999999999998
2018-02-26,-0.0020030000000000013
2018-02-27,-0.027486999999999998
2018-02-28,-0.025809
2018-03-01,-0.028029
2018-03-02,-0.009651
2018-03-05,-0.003717
2018-03-06,-0.012789
2018-03-07,-0.015876
2018-03-08,-0.010928
2018-03-09,0.001860999999999998
2018-03-12,-0.016807000000000002
2018-03-13,-0.022404
2018-03-14,-0.022489
2018-03-15,-0.017601
2018-03-16,-0.015035999999999999
2018-03-19,-0.030865999999999998
2018-03-20,-0.015961
2018-03-21,-0.018685
2018-03-22,-0.041592000000000004
2018-03-23,-0.037572999999999995
2018-03-26,0.010333000000000002
2018-03-27,-0.03401
2018-03-28,-0.019259000000000002
2018-03-29,-0.0022129999999999997
2018-04-02,-0.039111
2018-04-03,-0.004159999999999999
2018-04-04,-0.004932000000000001
2018-04-05,-0.009410999999999997
2018-04-06,-0.038438
2018-04-09,-0.013135999999999998
2018-04-10,0.0004630000000000016
2018-04-11,-0.021636
2018-04-12,-0.008039000000000003
2018-04-13,-0.019042
2018-04-16,-0.007846
2018-04-17,-0.005681
2018-04-18,-0.015514999999999998
2018-04-19,-0.021809
2018-04-20,-0.024781000000000004
2018-04-23,-0.016443
2018-04-24,-0.030153
2018-04-25,-0.014355000000000003
2018-04-26,-0.005438
2018-04-27,-0.014661000000000002
2018-04-30,-0.024028
2018-05-01,-0.014052
2018-05-02,-0.023958
2018-05-03,-0.018715000000000002
2018-05-04,-0.003539999999999998
2018-05-07,-0.013039999999999998
2018-05-08,-0.016829
2018-05-09,-0.007098
2018-05-10,-0.007232000000000001
2018-05-11,-0.014515999999999998
2018-05-14,-0.015492999999999998
2018-05-15,-0.023382
2018-05-16,-0.012442
2018-05-17,-0.017582
2018-05-18,-0.019111999999999997
2018-05-21,-0.009106
2018-05-22,-0.020211
2018-05-23,-0.013923
2018-05-24,-0.018996000000000002
2018-05-25,-0.018884
2018-05-29,-0.028901999999999997
2018-05-30,-0.0046679999999999985
2018-05-31,-0.024186
2018-06-01,-0.006157000000000001
2018-06-04,-0.012442
2018-06-05,-0.017214999999999998
2018-06-06,-0.009291
2018-06-07,-0.018292000000000003
2018-06-08,-0.014398000000000001
2018-06-11,-0.0166
2018-06-12,-0.016029
2018-06-13,-0.021828
2018-06-14,-0.01531
2018-06-15,-0.018889
2018-06-18,-0.020038
2018-06-19,-0.022156000000000002
2018-06-20,-0.016528
2018-06-21,-0.024467000000000003
2018-06-22,-0.016147
2018-06-25,-0.031221
2018-06-26,-0.0154
2018-06-27,-0.026235
2018-06-28,-0.011199999999999998
2018-06-29,-0.016543
2018-07-02,-0.01575
2018-07-03,-0.023687
2018-07-05,-0.009859
2018-07-06,-0.009760000000000001
2018-07-09,-0.009359000000000001
2018-07-10,-0.015005000000000003
2018-07-11,-0.025599000000000004
2018-07-12,-0.009816000000000002
2018-07-13,-0.017218
2018-07-16,-0.019607000000000003
2018-07-17,-0.014863
2018-07-18,-0.016831000000000002
2018-07-19,-0.022590000000000002
2018-07-20,-0.019105
2018-07-23,-0.016603
2018-07-24,-0.014089
2018-07-25,-0.009564000000000001
2018-07-26,-0.021651000000000004
2018-07-27,-0.025197
2018-07-30,-0.024555
2018-07-31,-0.014327999999999999
2018-08-01,-0.020194
2018-08-02,-0.013612000000000003
2018-08-03,-0.013967
2018-08-06,-0.015425000000000001
2018-08-07,-0.016537000000000003
2018-08-08,-0.019236
2018-08-09,-0.020113000000000002
2018-08-10,-0.025774000000000002
2018-08-13,-0.022865
2018-08-14,-0.012768000000000002
2018-08-15,-0.027014000000000003
2018-08-16,-0.010879999999999999
2018-08-17,-0.015943
2018-08-20,-0.01658
2018-08-21,-0.017085999999999997
2018-08-22,-0.019523
2018-08-23,-0.020782
2018-08-24,-0.012965999999999998
2018-08-27,-0.011458999999999999
2018-08-28,-0.019004
2018-08-29,-0.013477000000000001
2018-08-30,-0.023736
2018-08-31,-0.018948
2018-09-04,-0.021341
2018-09-05,-0.022633
2018-09-06,-0.023179
2018-09-07,-0.02168
2018-09-10,-0.017339
2018-09-11,-0.016106000000000002
2018-09-12,-0.019426000000000002
2018-09-13,-0.014549999999999999
2018-09-14,-0.019592000000000002
2018-09-17,-0.025404
2018-09-18,-0.014863
2018-09-19,-0.018846
2018-09-20,-0.012031000000000002
2018-09-21,-0.020553
2018-09-24,-0.023676
2018-09-25,-0.022050999999999998
2018-09-26,-0.024069000000000004
2018-09-27,-0.017911
2018-09-28,-0.020946
2018-10-01,-0.017327
2018-10-02,-0.021637
2018-10-03,-0.020653
2018-10-04,-0.029557
2018-10-05,-0.026811
2018-10-09,-0.022815000000000002
2018-10-10,-0.054218
2018-10-11,-0.041421
2018-10-12,-0.006653000000000001
2018-10-15,-0.027056
2018-10-16,-8.99999999999998e-05
2018-10-17,-0.021845
2018-10-18,-0.036105
2018-10-19,-0.021752999999999998
2018-10-22,-0.025586
2018-10-23,-0.027184000000000003
2018-10-24,-0.052493
2018-10-25,-0.002737
2018-10-26,-0.038831000000000004
2018-10-29,-0.028171
2018-10-30,-0.006024999999999999
2018-10-31,-0.010735000000000001
2018-11-01,-0.010955000000000001
2018-11-02,-0.027889999999999998
2018-11-05,-0.016246999999999998
2018-11-06,-0.015817
2018-11-07,-0.0005329999999999988
2018-11-08,-0.024144
2018-11-09,-0.030638
2018-11-13,-0.023589000000000002
2018-11-14,-0.029581
2018-11-15,-0.010947000000000002
2018-11-16,-0.019506999999999997
2018-11-19,-0.038422
2018-11-20,-0.039938
2018-11-21,-0.018864000000000002
2018-11-23,-0.028208999999999998
2018-11-26,-0.006053000000000001
2018-11-27,-0.019567
2018-11-28,0.0004559999999999981
2018-11-29,-0.024970000000000003
2018-11-30,-0.014522000000000002
2018-12-03,-0.011333
2018-12-04,-0.055760000000000004
2018-12-06,-0.024717
2018-12-07,-0.046244999999999994
2018-12-10,-0.020971999999999998
2018-12-11,-0.022766
2018-12-12,-0.017072999999999998
2018-12-13,-0.023545
2018-12-14,-0.042279
2018-12-17,-0.044062
2018-12-18,-0.022699999999999998
2018-12-19,-0.038507
2018-12-20,-0.039784
2018-12-21,-0.044624000000000004
2018-12-24,-0.050782999999999995
2018-12-26,0.026043999999999994
2018-12-27,-0.015450000000000002
2018-12-28,-0.024716000000000002
2018-12-31,-0.015477000000000001
2019-01-02,-0.022153
2019-01-03,-0.048237
2019-01-04,0.010810999999999998
2019-01-07,-0.016619
2019-01-08,-0.013814
2019-01-09,-0.019528999999999998
2019-01-10,-0.019365
2019-01-11,-0.02389
2019-01-14,-0.029005
2019-01-15,-0.012833000000000002
2019-01-16,-0.021383000000000003
2019-01-17,-0.016108000000000004
2019-01-18,-0.010572
2019-01-22,-0.037565
2019-01-23,-0.021062
2019-01-24,-0.022065
2019-01-25,-0.014760999999999998
2019-01-28,-0.031267
2019-01-29,-0.025102
2019-01-30,-0.008128999999999999
2019-01-31,-0.014970999999999998
2019-02-01,-0.023295000000000003
2019-02-04,-0.016895
2019-02-05,-0.018637
2019-02-06,-0.025872
2019-02-07,-0.033119
2019-02-08,-0.023318000000000002
2019-02-11,-0.023299
2019-02-12,-0.010849999999999999
2019-02-13,-0.020758
2019-02-14,-0.026748000000000004
2019-02-15,-0.013131
2019-02-19,-0.022319000000000002
2019-02-20,-0.022056000000000003
2019-02-21,-0.027435
2019-02-22,-0.017757000000000002
2019-02-25,-0.022818
2019-02-26,-0.024698
2019-02-27,-0.024389
2019-02-28,-0.026608
2019-03-01,-0.017158
2019-03-04,-0.027794
2019-03-05,-0.024995
2019-03-06,-0.030381
2019-03-07,-0.032318
2019-03-08,-0.026197000000000005
2019-03-11,-0.009385000000000001
2019-03-12,-0.021005000000000003
2019-03-13,-0.016966000000000002
2019-03-14,-0.025195000000000002
2019-03-15,-0.019249
2019-03-18,-0.020438
2019-03-19,-0.024094000000000004
2019-03-20,-0.027071000000000005
2019-03-21,-0.013688
2019-03-22,-0.043434
2019-03-25,-0.02499
2019-03-26,-0.017112
2019-03-27,-0.028797000000000003
2019-03-28,-0.020428
2019-03-29,-0.017204
2019-04-01,-0.012289999999999999
2019-04-02,-0.023865
2019-04-03,-0.021643999999999997
2019-04-04,-0.021772
2019-04-05,-0.019149
2019-04-08,-0.022813
2019-04-09,-0.0299
2019-04-10,-0.020054
2019-04-11,-0.023784
2019-04-12,-0.017163
2019-04-15,-0.024357999999999998
2019-04-16,-0.023371000000000003
2019-04-17,-0.026001999999999997
2019-04-18,-0.022445
2019-04-22,-0.022989
2019-04-23,-0.014986000000000001
2019-04-24,-0.025934
2019-04-25,-0.024325
2019-04-26,-0.019076
2019-04-29,-0.023092000000000005
2019-04-30,-0.022941
2019-05-01,-0.031388
2019-05-02,-0.026096
2019-05-03,-0.014047999999999998
2019-05-06,-0.028196000000000002
2019-05-07,-0.040388
2019-05-08,-0.025418
2019-05-09,-0.026934
2019-05-10,-0.020055999999999997
2019-05-13,-0.047961000000000004
2019-05-14,-0.015609000000000003
2019-05-15,-0.017685
2019-05-16,-0.014646
2019-05-17,-0.029425
2019-05-20,-0.030192
2019-05-21,-0.014875000000000001
2019-05-22,-0.025913
2019-05-23,-0.035398
2019-05-24,-0.021896000000000002
2019-05-28,-0.031367000000000006
2019-05-29,-0.030007000000000002
2019-05-30,-0.021295
2019-05-31,-0.036324
2019-06-03,-0.027048999999999997
2019-06-04,-0.0015900000000000011
2019-06-05,-0.014432999999999998
2019-06-06,-0.016658
2019-06-07,-0.011980999999999999
2019-06-10,-0.017713
2019-06-11,-0.022681
2019-06-12,-0.023444999999999997
2019-06-13,-0.017931000000000002
2019-06-14,-0.023521
2019-06-17,-0.020853000000000003
2019-06-18,-0.011776000000000002
2019-06-19,-0.018009
2019-06-20,-0.011774999999999999
2019-06-21,-0.022434
2019-06-24,-0.022548000000000002
2019-06-25,-0.030227999999999998
2019-06-26,-0.021857
2019-06-27,-0.017738999999999998
2019-06-28,-0.015688
2019-07-01,-0.013604999999999999
2019-07-02,-0.018829000000000002
2019-07-03,-0.014411000000000002
2019-07-05,-0.023949
2019-07-08,-0.026681999999999997
2019-07-09,-0.020473000000000005
2019-07-10,-0.016835000000000003
2019-07-11,-0.01903
2019-07-12,-0.016559
2019-07-15,-0.021041
2019-07-16,-0.024586
2019-07-17,-0.027322
2019-07-18,-0.017197999999999998
2019-07-19,-0.026864
2019-07-22,-0.018077999999999997
2019-07-23,-0.013855
2019-07-24,-0.015856999999999996
2019-07-25,-0.026546
2019-07-26,-0.013444999999999999
2019-07-29,-0.022622000000000003
2019-07-30,-0.022903
2019-07-31,-0.03055
2019-08-01,-0.029665
2019-08-02,-0.028048999999999998
2019-08-05,-0.050161
2019-08-06,-0.007115999999999999
2019-08-07,-0.018914
2019-08-08,-0.001854999999999999
2019-08-09,-0.026827999999999998
2019-08-12,-0.032635
2019-08-13,-0.0051719999999999995
2019-08-14,-0.048775
2019-08-15,-0.017644
2019-08-16,-0.005762999999999999
2019-08-19,-0.008235999999999999
2019-08-20,-0.028286
2019-08-21,-0.011892999999999999
2019-08-22,-0.021146
2019-08-23,-0.046242
2019-08-26,-0.009616
2019-08-27,-0.023559
2019-08-28,-0.01381
2019-08-29,-0.007947000000000001
2019-08-30,-0.019967
2019-09-03,-0.027051
2019-09-04,-0.009277
2019-09-05,-0.007115
2019-09-06,-0.019257
2019-09-09,-0.020073
2019-09-10,-0.019831
2019-09-11,-0.012597
2019-09-12,-0.016628
2019-09-13,-0.020248
2019-09-16,-0.023724
2019-09-17,-0.017984
2019-09-18,-0.018768999999999997
2019-09-19,-0.019618
2019-09-20,-0.024128999999999998
2019-09-23,-0.019163
2019-09-24,-0.02713
2019-09-25,-0.011395000000000002
2019-09-26,-0.021307
2019-09-27,-0.02399
2019-09-30,-0.013727
2019-10-01,-0.029871
2019-10-02,-0.035147
2019-10-03,-0.009633000000000001
2019-10-04,-0.0027820000000000015
2019-10-07,-0.021781
2019-10-08,-0.031894
2019-10-09,-0.007503000000000001
2019-10-10,-0.010666000000000002
2019-10-11,-0.006300999999999999
2019-10-15,-0.007194000000000001
2019-10-16,-0.018809
2019-10-17,-0.014285
2019-10-18,-0.02117
2019-10-21,-0.010409999999999999
2019-10-22,-0.020866
2019-10-23,-0.014375
2019-10-24,-0.015216
2019-10-25,-0.013065
2019-10-28,-0.011475
2019-10-29,-0.017270999999999998
2019-10-30,-0.012622000000000001
2019-10-31,-0.018578
2019-11-01,-0.005935000000000001
2019-11-04,-0.011808000000000003
2019-11-05,-0.016448
2019-11-06,-0.014446
2019-11-07,-0.012659
2019-11-08,-0.012784
2019-11-12,-0.013800000000000002
2019-11-13,-0.014559
2019-11-14,-0.014814
2019-11-15,-0.008113000000000002
2019-11-18,-0.015022
2019-11-19,-0.01608
2019-11-20,-0.019191
2019-11-21,-0.017018000000000002
2019-11-22,-0.013313000000000002
2019-11-25,-0.008165000000000002
2019-11-26,-0.013761
2019-11-27,-0.012044000000000003
2019-11-29,-0.019928
2019-12-02,-0.02442
2019-12-03,-0.021995
2019-12-04,-0.009567000000000003
2019-12-05,-0.013473
2019-12-06,-0.0058379999999999994
2019-12-09,-0.018233
2019-12-10,-0.016155
2019-12-11,-0.01218
2019-12-12,-0.006908000000000001
2019-12-13,-0.015155
2019-12-16,-0.008403
2019-12-17,-0.014909
2019-12-18,-0.015727
2019-12-19,-0.01063
2019-12-20,-0.010554000000000001
2019-12-23,-0.014503
2019-12-24,-0.015402
2019-12-26,-0.010304
2019-12-27,-0.015362
2019-12-30,-0.020563
2019-12-31,-0.011609
2020-01-02,-0.006551999999999999
2020-01-03,-0.02195
2020-01-06,-0.011537
2020-01-07,-0.017668
2020-01-08,-0.009916999999999999
2020-01-09,-0.008315
2020-01-10,-0.017745
2020-01-13,-0.008146
2020-01-14,-0.016479999999999998
2020-01-15,-0.013236999999999999
2020-01-16,-0.006678
2020-01-17,-0.011378000000000001
2020-01-21,-0.017535000000000002
2020-01-22,-0.014613
2020-01-23,-0.014079
2020-01-24,-0.024199
2020-01-27,-0.030637
2020-01-28,-0.004902
2020-01-29,-0.015825
2020-01-30,-0.012374000000000001
2020-01-31,-0.032591999999999996
2020-02-03,-0.008278
2020-02-04,-0.00021000000000000012
2020-02-05,-0.004106
2020-02-06,-0.012299000000000001
2020-02-07,-0.020621
2020-02-10,-0.008161000000000002
2020-02-11,-0.013423000000000001
2020-02-12,-0.008874
2020-02-13,-0.017239
2020-02-14,-0.013927000000000002
2020-02-18,-0.018520000000000002
2020-02-19,-0.011183000000000002
2020-02-20,-0.019700000000000002
2020-02-21,-0.026326000000000002
2020-02-24,-0.04918
2020-02-25,-0.045889
2020-02-26,-0.019379
2020-02-27,-0.059372999999999995
2020-02-28,-0.022706999999999998
2020-03-02,0.031934000000000004
2020-03-03,-0.039047
2020-03-04,0.032091999999999996
2020-03-05,-0.042937
2020-03-06,-0.024652
2020-03-09,-0.08097599999999999
2020-03-10,0.043653
2020-03-11,-0.052917
2020-03-12,-0.09923900000000001
2020-03-13,0.08957
2020-03-16,-0.121508
2020-03-17,0.059095
2020-03-18,-0.050883
2020-03-19,0.004161
2020-03-20,-0.043747999999999995
2020-03-23,-0.028679
2020-03-24,0.092445
2020-03-25,0.011366999999999999
2020-03-26,0.061942
2020-03-27,-0.033661
2020-03-30,0.032981
2020-03-31,-0.016446000000000002
2020-04-01,-0.043951000000000004
2020-04-02,0.021664
2020-04-03,-0.015578999999999999
2020-04-06,0.069105
2020-04-07,-0.0025770000000000003
2020-04-08,0.032151
2020-04-09,0.012328
2020-04-13,-0.010986000000000001
2020-04-14,0.029025
2020-04-15,-0.022914999999999998
2020-04-16,0.004784
2020-04-17,0.025083
2020-04-20,-0.018773
2020-04-21,-0.03127
2020-04-22,0.021918
2020-04-23,-0.001369
2020-04-24,0.012736999999999998
2020-04-27,0.013511
2020-04-28,-0.006112
2020-04-29,0.025168
2020-04-30,-0.009968999999999999
2020-05-01,-0.029094000000000002
2020-05-04,0.003449
2020-05-05,0.008142
2020-05-06,-0.007716000000000001
2020-05-07,0.010688
2020-05-08,0.015903999999999998
2020-05-11,-0.00076
2020-05-12,-0.021587000000000002
2020-05-13,-0.018206
2020-05-14,0.010561000000000001
2020-05-15,0.0032650000000000005
2020-05-18,0.03037
2020-05-19,-0.011393
2020-05-20,0.015723
2020-05-21,-0.008895
2020-05-22,0.001393
2020-05-26,0.011146
2020-05-27,0.013586999999999998
2020-05-28,-0.0033840000000000003
2020-05-29,0.0034600000000000004
2020-06-01,0.0027350000000000005
2020-06-02,0.006846
2020-06-03,0.012305
2020-06-04,-0.004771
2020-06-05,0.024489
2020-06-08,0.010745000000000001
2020-06-09,-0.008931999999999999
2020-06-10,-0.006413
2020-06-11,-0.059775
2020-06-12,0.011361
2020-06-15,0.006928
2020-06-16,0.017529999999999997
2020-06-17,-0.004946
2020-06-18,-0.0005280000000000001
2020-06-19,-0.006765
2020-06-22,0.005142
2020-06-23,0.0031090000000000007
2020-06-24,-0.026674
2020-06-25,0.009576
2020-06-26,-0.025496
2020-06-29,0.013515
2020-06-30,0.013966
2020-07-01,0.004033
2020-07-02,0.0032059999999999996
2020-07-06,0.014863999999999999
2020-07-07,-0.011651
2020-07-08,0.006697
2020-07-09,-0.006301
2020-07-10,0.009596
2020-07-13,-0.01063
2020-07-14,0.012062999999999999
2020-07-15,0.007718000000000001
2020-07-16,-0.0045839999999999995
2020-07-17,0.001541
2020-07-20,0.007684999999999999
2020-07-21,0.000709
2020-07-22,0.004668
2020-07-23,-0.013392
2020-07-24,-0.007059
2020-07-27,0.00641
2020-07-28,-0.007464999999999999
2020-07-29,0.011415
2020-07-30,-0.004731
2020-07-31,0.006886000000000001
2020-08-03,0.005909
2020-08-04,0.002874
2020-08-05,0.0055569999999999994
2020-08-06,0.005683
2020-08-07,-0.00015999999999999999
2020-08-10,0.001929
2020-08-11,-0.008825
2020-08-12,0.013163
2020-08-13,-0.002728
2020-08-14,-0.001023
2020-08-17,0.0020150000000000003
2020-08-18,0.0017530000000000002
2020-08-19,-0.005216
2020-08-20,0.002277
2020-08-21,0.002748
2020-08-24,0.009098
2020-08-25,0.002712
2020-08-26,0.009465999999999999
2020-08-27,0.0008780000000000001
2020-08-28,0.005933
2020-08-31,-0.002927
2020-09-01,0.007033000000000001
2020-09-02,0.014251
2020-09-03,-0.03614
2020-09-04,-0.009078
2020-09-08,-0.028962
2020-09-09,0.019183
2020-09-10,-0.018626
2020-09-11,-0.0006460000000000001
2020-09-14,0.01167
2020-09-15,0.004433
2020-09-16,-0.005588
2020-09-17,-0.009381
2020-09-18,-0.012255
2020-09-21,-0.012205
2020-09-22,0.010014
2020-09-23,-0.024694999999999998
2020-09-24,0.002303
2020-09-25,0.015203
2020-09-28,0.015198999999999999
2020-09-29,-0.00556
2020-09-30,0.007427
2020-10-01,0.0046890000000000005
2020-10-02,-0.010764
2020-10-05,0.017055999999999998
2020-10-06,-0.014912
2020-10-07,0.016561000000000003
2020-10-08,0.007063
2020-10-09,0.007977000000000001
2020-10-13,-0.00703
2020-10-14,-0.007841
2020-10-15,-0.002555
2020-10-16,-0.001002
2020-10-19,-0.017284
2020-10-20,0.003993
2020-10-21,-0.003077
2020-10-22,0.004269
2020-10-23,0.00268
2020-10-26,-0.019201
2020-10-27,-0.003629
2020-10-28,-0.035899
2020-10-29,0.01109
2020-10-30,-0.013135
2020-11-02,0.011263
2020-11-03,0.016884
2020-11-04,0.021416
2020-11-05,0.018549999999999997
2020-11-06,-0.001144
2020-11-09,0.01072
2020-11-10,-0.002489
2020-11-12,-0.010880999999999998
2020-11-13,0.012664000000000002
2020-11-16,0.010597
2020-11-17,-0.00555
2020-11-18,-0.012154000000000002
2020-11-19,0.00335
2020-11-20,-0.007738999999999999
2020-11-23,0.004683
2020-11-24,0.015256999999999998
2020-11-25,-0.002132
2020-11-27,0.001564
2020-11-30,-0.005303
2020-12-01,0.010461000000000002
2020-12-02,0.0009469999999999999
2020-12-03,-0.001457
2020-12-04,0.008007
2020-12-07,-0.002837
2020-12-08,0.002014
2020-12-09,-0.00879
2020-12-10,-0.002006
2020-12-11,-0.002045
2020-12-14,-0.00498
2020-12-15,0.012244999999999999
2020-12-16,0.001143
2020-12-17,0.004882
2020-12-18,-0.004234
2020-12-21,-0.004857
2020-12-22,-0.0026609999999999997
2020-12-23,1.3999999999999907e-05
2020-12-24,0.00262
2020-12-28,0.008019
2020-12-29,-0.003035
2020-12-30,0.0007730000000000001
2020-12-31,0.0054989999999999995
2021-01-04,-0.015408
2021-01-05,0.0061719999999999995
2021-01-06,0.0047220000000000005
2021-01-07,0.014064
2021-01-08,0.005005
2021-01-11,-0.007826
2021-01-12,-0.00029199999999999994
2021-01-13,0.0012840000000000002
2021-01-14,-0.004848
2021-01-15,-0.008050999999999999
2021-01-19,0.007378999999999999
2021-01-20,0.013358
2021-01-21,-0.0003330000000000001
2021-01-22,-0.003553
2021-01-25,0.003033
2021-01-26,-0.0017800000000000001
2021-01-27,-0.026228
2021-01-28,0.008816
2021-01-29,-0.020212
2021-02-01,0.015681
2021-02-02,0.013693
2021-02-03,0.00047700000000000005
2021-02-04,0.010579
2021-02-05,0.0037370000000000003
2021-02-08,0.0068579999999999995
2021-02-09,-0.001713
2021-02-10,-0.0012200000000000002
2021-02-11,0.001053
2021-02-12,0.004417
2021-02-16,-0.001021
2021-02-17,-0.000511
2021-02-18,-0.004967
2021-02-19,-0.00228
2021-02-22,-0.008316
2021-02-23,0.0009010000000000001
2021-02-24,0.010992
2021-02-25,-0.024947
2021-02-26,-0.005137
2021-03-01,0.023523
2021-03-02,-0.008546
2021-03-03,-0.013678999999999998
2021-03-04,-0.01364
2021-03-05,0.018904999999999998
2021-03-08,-0.005953
2021-03-09,0.014208
2021-03-10,0.005753
2021-03-11,0.00995
2021-03-12,0.000771
2021-03-15,0.006261
2021-03-16,-0.001802
2021-03-17,0.0028740000000000003
2021-03-18,-0.015182999999999999
2021-03-19,-0.000564
2021-03-22,0.006841000000000001
2021-03-23,-0.007758999999999999
2021-03-24,-0.005894
2021-03-25,0.005136
2021-03-26,0.01593
2021-03-29,-0.000998
2021-03-30,-0.003071
2021-03-31,0.0036650000000000003
2021-04-01,0.011555
2021-04-05,0.014416
2021-04-06,-0.0010580000000000001
2021-04-07,0.001272
2021-04-08,0.004145
2021-04-09,0.007445
2021-04-12,-0.000267
2021-04-13,0.003234
2021-04-14,-0.004475
2021-04-15,0.010848
2021-04-16,0.003381
2021-04-19,-0.005426
2021-04-20,-0.006857
2021-04-21,0.00931
2021-04-22,-0.009514
2021-04-23,0.010828
2021-04-26,0.001614
2021-04-27,-0.000433
2021-04-28,-0.000825
2021-04-29,0.006612
2021-04-30,-0.007047
2021-05-03,0.002361
2021-05-04,-0.007007
2021-05-05,0.0006129999999999999
2021-05-06,0.007969
2021-05-07,0.007150999999999999
2021-05-10,-0.010906
2021-05-11,-0.008686
2021-05-12,-0.021675
2021-05-13,0.012053
2021-05-14,0.014992
2021-05-17,-0.002495
2021-05-18,-0.008419
2021-05-19,-0.003006
2021-05-20,0.010529
2021-05-21,-0.000904
2021-05-24,0.009886
2021-05-25,-0.0022069999999999998
2021-05-26,0.002021
2021-05-27,0.001136
2021-05-28,0.000579
2021-06-01,-0.000497
2021-06-02,0.001274
2021-06-03,-0.003766
2021-06-04,0.008816000000000001
2021-06-07,-0.000817
2021-06-08,0.00024000000000000003
2021-06-09,-0.00197
2021-06-10,0.0046159999999999994
2021-06-11,0.001846
2021-06-14,0.0017439999999999999
2021-06-15,-0.0022760000000000002
2021-06-16,-0.005806
2021-06-17,-0.000677
2021-06-18,-0.013546
2021-06-21,0.013495
2021-06-22,0.004763
2021-06-23,-0.001388
2021-06-24,0.005260000000000001
2021-06-25,0.002734
2021-06-28,0.0018460000000000002
2021-06-29,-0.00021700000000000002
2021-06-30,0.0009159999999999999
2021-07-01,0.004597
2021-07-02,0.007128000000000001
2021-07-06,-0.002267
2021-07-07,0.002833
2021-07-08,-0.008926
2021-07-09,0.010529
2021-07-12,0.00302
2021-07-13,-0.0040999999999999995
2021-07-14,0.000569
2021-07-15,-0.003884
2021-07-16,-0.007996
2021-07-19,-0.016277
2021-07-20,0.014706
2021-07-21,0.007739
2021-07-22,0.001599
2021-07-23,0.009486
2021-07-26,0.002035
2021-07-27,-0.005337000000000001
2021-07-28,-0.000575
2021-07-29,0.0037709999999999996
2021-07-30,-0.006207000000000001
2021-08-02,-0.002176
2021-08-03,0.007745999999999999
2021-08-04,-0.005048
2021-08-05,0.005574000000000001
2021-08-06,0.0010890000000000001
2021-08-09,-0.001032
2021-08-10,0.00047599999999999997
2021-08-11,0.0017590000000000001
2021-08-12,0.002486
2021-08-13,0.0011120000000000001
2021-08-16,0.001946
2021-08-17,-0.007375
2021-08-18,-0.010952
2021-08-19,0.0006300000000000001
2021-08-20,0.007732999999999999
2021-08-23,0.008303000000000001
2021-08-24,0.001242
2021-08-25,0.001759
2021-08-26,-0.00626
2021-08-27,0.008379000000000001
2021-08-30,0.0040539999999999994
2021-08-31,-0.001496
2021-09-01,-1.600000000000001e-05
2021-09-02,0.002235
2021-09-03,-0.0006460000000000001
2021-09-07,-0.0035830000000000002
2021-09-08,-0.001779
2021-09-09,-0.005301
2021-09-10,-0.008445
2021-09-13,0.001542
2021-09-14,-0.0063479999999999995
2021-09-15,0.008018
2021-09-16,-0.002042
2021-09-17,-0.009651999999999999
2021-09-20,-0.017673
2021-09-21,-0.001267
2021-09-22,0.009222000000000001
2021-09-23,0.011611999999999999
2021-09-24,0.0009670000000000001
2021-09-27,-0.003316
2021-09-28,-0.021012
2021-09-29,0.001065
2021-09-30,-0.012624
2021-10-01,0.010472
2021-10-04,-0.013978
2021-10-05,0.009403
2021-10-06,0.003436
2021-10-07,0.008018
2021-10-08,-0.002099
2021-10-12,-0.0024560000000000003
2021-10-13,0.0027919999999999998
2021-10-14,0.016399
2021-10-15,0.007195
2021-10-18,0.003202
2021-10-19,0.006836999999999999
2021-10-20,0.00309
2021-10-21,0.002385
2021-10-22,-0.001551
2021-10-25,0.004471
2021-10-26,0.0011740000000000001
2021-10-27,-0.0055309999999999995
2021-10-28,0.009312
2021-10-29,0.0012950000000000001
2021-11-01,0.001585
2021-11-02,0.003057
2021-11-03,0.0062699999999999995
2021-11-04,0.0036720000000000004
2021-11-05,0.003163
2021-11-08,7.099999999999999e-05
2021-11-09,-0.004298
2021-11-10,-0.008646
2021-11-12,0.006469000000000001
2021-11-15,-0.0006379999999999999
2021-11-16,0.003232
2021-11-17,-0.003041
2021-11-18,0.002352
2021-11-19,-0.002458
2021-11-22,-0.003853
2021-11-23,0.000854
2021-11-24,0.000895
2021-11-26,-0.02383
2021-11-29,0.012511999999999999
2021-11-30,-0.019978
2021-12-01,-0.013201999999999998
2021-12-02,0.013498
2021-12-03,-0.008983999999999999
2021-12-06,0.011143
2021-12-07,0.020201
2021-12-08,0.0026569999999999996
2021-12-09,-0.007677
2021-12-10,0.009455
2021-12-13,-0.009347999999999999
2021-12-14,-0.007479
2021-12-15,0.016173
2021-12-16,-0.009418999999999999
2021-12-17,-0.010568
2021-12-20,-0.011887
2021-12-21,0.017506999999999998
2021-12-22,0.009979
2021-12-23,0.00599
2021-12-27,0.013211
2021-12-28,-0.0012779999999999998
2021-12-29,0.0011719999999999999
2021-12-30,-0.003645
2021-12-31,-0.00325
2022-01-03,0.006562
2022-01-04,-0.001549
2022-01-05,-0.02002
2022-01-06,-0.001553
2022-01-07,-0.004725
2022-01-10,-0.001793
2022-01-11,0.00886
2022-01-12,0.002456
2022-01-13,-0.014876
2022-01-14,0.00031099999999999997
2022-01-18,-0.018931
2022-01-19,-0.010281
2022-01-20,-0.011553
2022-01-21,-0.019654
2022-01-24,0.00227
2022-01-25,-0.012812
2022-01-26,-0.002033
2022-01-27,-0.006224
2022-01-28,0.024029
2022-01-31,0.018973999999999998
2022-02-01,0.006471
2022-02-02,0.008811000000000001
2022-02-03,-0.024244
2022-02-04,0.0052829999999999995
2022-02-07,-0.004035
2022-02-08,0.008181
2022-02-09,0.014091
2022-02-10,-0.018595
2022-02-11,-0.019483
2022-02-14,-0.003942
2022-02-15,0.015676000000000002
2022-02-16,0.0006670000000000001
2022-02-17,-0.021746
2022-02-18,-0.007595
2022-02-22,-0.010601
2022-02-23,-0.018886
2022-02-24,0.014704
2022-02-25,0.021918999999999998
2022-02-28,-0.0028409999999999998
2022-03-01,-0.016346
2022-03-02,0.017235
2022-03-03,-0.007366
2022-03-04,-0.009391
2022-03-07,-0.031422
2022-03-08,-0.008736
2022-03-09,0.02411
2022-03-10,-0.005843999999999999
2022-03-11,-0.014695
2022-03-14,-0.009770000000000001
2022-03-15,0.019458999999999997
2022-03-16,0.020145
2022-03-17,0.010386
2022-03-18,0.009934
2022-03-21,-0.002654
2022-03-22,0.009691
2022-03-23,-0.01358
2022-03-24,0.012608
2022-03-25,0.003184
2022-03-28,0.005866
2022-03-29,0.010565
2022-03-30,-0.007605
2022-03-31,-0.017347
2022-04-01,0.002065
2022-04-04,0.006817
2022-04-05,-0.014456
2022-04-06,-0.011704
2022-04-07,0.0020250000000000003
2022-04-08,-0.0049110000000000004
2022-04-11,-0.019124000000000002
2022-04-12,-0.005199
2022-04-13,0.009359
2022-04-14,-0.015954
2022-04-18,-0.0040230000000000005
2022-04-19,0.012732
2022-04-20,-0.004220000000000001
2022-04-21,-0.019537
2022-04-22,-0.032348
2022-04-25,0.001774
2022-04-26,-0.032186
2022-04-27,-0.0014629999999999995
2022-04-28,0.020991999999999997
2022-04-29,-0.040397
2022-05-02,0.0019489999999999998
2022-05-03,0.000405
2022-05-04,0.025408
2022-05-05,-0.040728
2022-05-06,-0.010641999999999999
2022-05-09,-0.037071
2022-05-10,-0.0030740000000000003
2022-05-11,-0.02238
2022-05-12,-0.007247
2022-05-13,0.017505
2022-05-16,-0.010498
2022-05-17,0.013812000000000001
2022-05-18,-0.045805
2022-05-19,-0.012459000000000001
2022-05-20,-0.006170999999999999
2022-05-23,0.013382000000000002
2022-05-24,-0.013551
2022-05-25,0.004427999999999999
2022-05-26,0.013199000000000002
2022-05-27,0.018141
2022-05-31,-0.013111999999999999
2022-06-01,-0.01497
2022-06-02,0.010119000000000001
2022-06-03,-0.025319
2022-06-06,-0.005425999999999999
2022-06-07,0.0007989999999999994
2022-06-08,-0.019299999999999998
2022-06-09,-0.034209
2022-06-10,-0.039898
2022-06-13,-0.050016
2022-06-14,-0.014829
2022-06-15,0.0031940000000000007
2022-06-16,-0.044217
2022-06-17,-0.008906999999999998
2022-06-21,0.014343
2022-06-22,-0.010465
2022-06-23,-0.001366000000000001
2022-06-24,0.018672
2022-06-27,-0.014362
2022-06-28,-0.031056
2022-06-29,-0.011259
2022-06-30,-0.021426
2022-07-01,-0.001850000000000001
2022-07-05,-0.010698000000000001
2022-07-06,-0.009382
2022-07-07,-0.00029900000000000065
2022-07-08,-0.016255000000000002
2022-07-11,-0.027072
2022-07-12,-0.024861
2022-07-13,-0.021136
2022-07-14,-0.022385
2022-07-15,-0.00040799999999999864
2022-07-18,-0.027442
2022-07-19,0.008847999999999998
2022-07-20,-0.01242
2022-07-21,-0.010928
2022-07-22,-0.030433
2022-07-25,-0.019783000000000002
2022-07-26,-0.033287
2022-07-27,0.0054560000000000025
2022-07-28,-0.009225999999999998
2022-07-29,-0.006916000000000002
2022-08-01,-0.024201999999999998
2022-08-02,-0.02804
2022-08-03,-0.005757000000000002
2022-08-04,-0.022029
2022-08-05,-0.023334
2022-08-08,-0.022651
2022-08-09,-0.025602000000000003
2022-08-10,-0.00022599999999999704
2022-08-11,-0.022568
2022-08-12,-0.004115000000000001
2022-08-15,-0.017722
2022-08-16,-0.019553
2022-08-17,-0.028334
2022-08-18,-0.019428
2022-08-19,-0.034476
2022-08-22,-0.043156
2022-08-23,-0.02383
2022-08-24,-0.01878
2022-08-25,-0.009407
2022-08-26,-0.056754000000000006
2022-08-29,-0.030067
2022-08-30,-0.034169
2022-08-31,-0.030679
2022-09-01,-0.021463
2022-09-02,-0.034953
2022-09-06,-0.027393
2022-09-07,-0.0033000000000000043
2022-09-08,-0.018453
2022-09-09,-0.009670000000000002
2022-09-12,-0.014724000000000003
2022-09-13,-0.067674
2022-09-14,-0.020763000000000004
2022-09-15,-0.038043
2022-09-16,-0.03329
2022-09-19,-0.018381
2022-09-20,-0.035844
2022-09-21,-0.041690000000000005
2022-09-22,-0.03511
2022-09-23,-0.043400999999999995
2022-09-26,-0.036394
2022-09-27,-0.028116000000000002
2022-09-28,-0.005325
2022-09-29,-0.048103
2022-09-30,-0.042059
2022-10-03,-0.0020020000000000003
2022-10-04,0.0029459999999999972
2022-10-05,-0.029541000000000005
2022-10-06,-0.039585999999999996
2022-10-07,-0.057232000000000005
2022-10-11,-0.035686
2022-10-12,-0.032347
2022-10-13,-0.006757000000000003
2022-10-14,-0.055684
2022-10-17,-0.004995000000000003
2022-10-18,-0.019215000000000003
2022-10-19,-0.037919
2022-10-20,-0.042235999999999996
2022-10-21,-0.010516000000000001
2022-10-24,-0.022441000000000003
2022-10-25,-0.017775000000000003
2022-10-26,-0.040879
2022-10-27,-0.04218
2022-10-28,-0.011644000000000005
2022-10-31,-0.042949
2022-11-01,-0.03996
2022-11-02,-0.060326
2022-11-03,-0.046867
2022-11-04,-0.022646000000000006
2022-11-07,-0.027006000000000002
2022-11-08,-0.029789
2022-11-09,-0.055750999999999995
2022-11-10,0.019320000000000004
2022-11-14,-0.044905
2022-11-15,-0.027202000000000004
2022-11-16,-0.044521000000000005
2022-11-17,-0.041082
2022-11-18,-0.033223
2022-11-21,-0.042245
2022-11-22,-0.024632
2022-11-23,-0.033650000000000006
2022-11-25,-0.04038799999999999
2022-11-28,-0.054804000000000005
2022-11-29,-0.040922
2022-11-30,-0.008232000000000003
2022-12-01,-0.039439
2022-12-02,-0.038675
2022-12-05,-0.055542999999999995
2022-12-06,-0.051275
2022-12-07,-0.037965000000000006
2022-12-08,-0.028748
2022-12-09,-0.044035
2022-12-12,-0.022731
2022-12-13,-0.030093
2022-12-14,-0.04333
2022-12-15,-0.06267700000000001
2022-12-16,-0.048977
2022-12-19,-0.046678000000000004
2022-12-20,-0.035979000000000004
2022-12-21,-0.021817000000000003
2022-12-22,-0.051037
2022-12-23,-0.030684999999999997
2022-12-27,-0.040400000000000005
2022-12-28,-0.047768000000000005
2022-12-29,-0.021383000000000003
2022-12-30,-0.041956
