caldt,vwretx
2010-01-04,0.015924
2010-01-05,0.003064
2010-01-06,0.000482
2010-01-07,0.003845
2010-01-08,0.002791
2010-01-11,0.001724
2010-01-12,-0.009159
2010-01-13,0.008337
2010-01-14,0.002345
2010-01-15,-0.010745
2010-01-19,0.012443
2010-01-20,-0.010636
2010-01-21,-0.018797
2010-01-22,-0.021873
2010-01-25,0.004527
2010-01-26,-0.004022
2010-01-27,0.004758
2010-01-28,-0.011846
2010-01-29,-0.009678
2010-02-01,0.014001
2010-02-02,0.012777
2010-02-03,-0.005275
2010-02-04,-0.031035
2010-02-05,0.002999
2010-02-08,-0.008813
2010-02-09,0.012893
2010-02-10,-0.002320
2010-02-11,0.009606
2010-02-12,-0.002762
2010-02-16,0.018092
2010-02-17,0.004391
2010-02-18,0.006482
2010-02-19,0.001818
2010-02-22,-0.001000
2010-02-23,-0.012159
2010-02-24,0.009741
2010-02-25,-0.001979
2010-02-26,0.001329
2010-03-01,0.009973
2010-03-02,0.002319
2010-03-03,0.000234
2010-03-04,0.003881
2010-03-05,0.013936
2010-03-08,-0.000006
2010-03-09,0.001904
2010-03-10,0.004638
2010-03-11,0.004235
2010-03-12,-0.000342
2010-03-15,0.000598
2010-03-16,0.007955
2010-03-17,0.005790
2010-03-18,-0.000371
2010-03-19,-0.005295
2010-03-22,0.005291
2010-03-23,0.007262
2010-03-24,-0.005499
2010-03-25,-0.001427
2010-03-26,0.000754
2010-03-29,0.005479
2010-03-30,0.000056
2010-03-31,-0.003333
2010-04-01,0.007266
2010-04-05,0.007991
2010-04-06,0.001781
2010-04-07,-0.005686
2010-04-08,0.003549
2010-04-09,0.006602
2010-04-12,0.001838
2010-04-13,0.000675
2010-04-14,0.011296
2010-04-15,0.000686
2010-04-16,-0.016104
2010-04-19,0.004709
2010-04-20,0.008127
2010-04-21,-0.000917
2010-04-22,0.002358
2010-04-23,0.006918
2010-04-26,-0.004466
2010-04-27,-0.023277
2010-04-28,0.006237
2010-04-29,0.012916
2010-04-30,-0.016712
2010-05-03,0.012920
2010-05-04,-0.023779
2010-05-05,-0.006426
2010-05-06,-0.032346
2010-05-07,-0.015480
2010-05-10,0.043581
2010-05-11,-0.003290
2010-05-12,0.013715
2010-05-13,-0.012125
2010-05-14,-0.018852
2010-05-17,0.001082
2010-05-18,-0.014136
2010-05-19,-0.005224
2010-05-20,-0.038659
2010-05-21,0.014692
2010-05-24,-0.012655
2010-05-25,0.000256
2010-05-26,-0.005784
2010-05-27,0.032785
2010-05-28,-0.012178
2010-06-01,-0.017069
2010-06-02,0.025646
2010-06-03,0.004217
2010-06-04,-0.034799
2010-06-07,-0.013304
2010-06-08,0.010778
2010-06-09,-0.005761
2010-06-10,0.029195
2010-06-11,0.004366
2010-06-14,-0.001718
2010-06-15,0.023311
2010-06-16,-0.000681
2010-06-17,0.001175
2010-06-18,0.001279
2010-06-21,-0.003961
2010-06-22,-0.015976
2010-06-23,-0.003019
2010-06-24,-0.016901
2010-06-25,0.002990
2010-06-28,-0.002304
2010-06-29,-0.031205
2010-06-30,-0.010128
2010-07-01,-0.002970
2010-07-02,-0.004537
2010-07-06,0.005406
2010-07-07,0.031022
2010-07-08,0.009551
2010-07-09,0.007205
2010-07-12,0.000895
2010-07-13,0.015443
2010-07-14,-0.000124
2010-07-15,0.001109
2010-07-16,-0.028730
2010-07-19,0.005957
2010-07-20,0.011014
2010-07-21,-0.012850
2010-07-22,0.022394
2010-07-23,0.008231
2010-07-26,0.011113
2010-07-27,-0.001073
2010-07-28,-0.006933
2010-07-29,-0.004201
2010-07-30,0.000052
2010-08-02,0.021837
2010-08-03,-0.004826
2010-08-04,0.006079
2010-08-05,-0.001373
2010-08-06,-0.003554
2010-08-09,0.005494
2010-08-10,-0.005994
2010-08-11,-0.027963
2010-08-12,-0.005610
2010-08-13,-0.003935
2010-08-16,0.000143
2010-08-17,0.012230
2010-08-18,0.001305
2010-08-19,-0.016951
2010-08-20,-0.003541
2010-08-23,-0.003807
2010-08-24,-0.014439
2010-08-25,0.003410
2010-08-26,-0.007783
2010-08-27,0.016294
2010-08-30,-0.014760
2010-08-31,-0.000110
2010-09-01,0.029800
2010-09-02,0.009217
2010-09-03,0.013189
2010-09-07,-0.011205
2010-09-08,0.006300
2010-09-09,0.004785
2010-09-10,0.004863
2010-09-13,0.011225
2010-09-14,-0.000487
2010-09-15,0.003572
2010-09-16,-0.000277
2010-09-17,0.001002
2010-09-20,0.015174
2010-09-21,-0.002746
2010-09-22,-0.004572
2010-09-23,-0.008258
2010-09-24,0.020922
2010-09-27,-0.005529
2010-09-28,0.004844
2010-09-29,-0.002520
2010-09-30,-0.003106
2010-10-01,0.004425
2010-10-04,-0.008450
2010-10-05,0.020518
2010-10-06,-0.000430
2010-10-07,-0.001627
2010-10-08,0.006119
2010-10-11,0.000207
2010-10-12,0.003755
2010-10-13,0.007167
2010-10-14,-0.003865
2010-10-15,0.002134
2010-10-18,0.007354
2010-10-19,-0.015835
2010-10-20,0.010303
2010-10-21,0.001945
2010-10-22,0.002272
2010-10-25,0.002273
2010-10-26,0.000284
2010-10-27,-0.002676
2010-10-28,0.001213
2010-10-29,-0.000142
2010-11-01,0.000740
2010-11-02,0.007731
2010-11-03,0.003683
2010-11-04,0.019157
2010-11-05,0.003925
2010-11-08,-0.002133
2010-11-09,-0.007912
2010-11-10,0.004174
2010-11-11,-0.004139
2010-11-12,-0.011846
2010-11-15,-0.001433
2010-11-16,-0.016011
2010-11-17,0.000105
2010-11-18,0.015272
2010-11-19,0.002461
2010-11-22,-0.001425
2010-11-23,-0.014304
2010-11-24,0.014954
2010-11-26,-0.007493
2010-11-29,-0.001370
2010-11-30,-0.005906
2010-12-01,0.021448
2010-12-02,0.012829
2010-12-03,0.002575
2010-12-06,-0.001196
2010-12-07,0.000638
2010-12-08,0.003568
2010-12-09,0.003897
2010-12-10,0.006122
2010-12-13,0.000067
2010-12-14,0.000989
2010-12-15,-0.005014
2010-12-16,0.005981
2010-12-17,0.001112
2010-12-20,0.002323
2010-12-21,0.005994
2010-12-22,0.003274
2010-12-23,-0.001660
2010-12-27,0.000804
2010-12-28,0.000758
2010-12-29,0.001039
2010-12-30,-0.001486
2010-12-31,-0.000276
2011-01-03,0.011291
2011-01-04,-0.001254
2011-01-05,0.005039
2011-01-06,-0.002089
2011-01-07,-0.001757
2011-01-10,-0.001549
2011-01-11,0.003829
2011-01-12,0.008924
2011-01-13,-0.001697
2011-01-14,0.007172
2011-01-18,0.001360
2011-01-19,-0.010094
2011-01-20,-0.001059
2011-01-21,0.002183
2011-01-24,0.005643
2011-01-25,0.000372
2011-01-26,0.004295
2011-01-27,0.002392
2011-01-28,-0.017941
2011-01-31,0.007465
2011-02-01,0.016539
2011-02-02,-0.002646
2011-02-03,0.002231
2011-02-04,0.002737
2011-02-07,0.006548
2011-02-08,0.004289
2011-02-09,-0.002856
2011-02-10,0.000665
2011-02-11,0.005507
2011-02-14,0.002213
2011-02-15,-0.003281
2011-02-16,0.006133
2011-02-17,0.003169
2011-02-18,0.001842
2011-02-22,-0.020707
2011-02-23,-0.006183
2011-02-24,-0.001028
2011-02-25,0.010031
2011-02-28,0.005067
2011-03-01,-0.015714
2011-03-02,0.001837
2011-03-03,0.016987
2011-03-04,-0.007284
2011-03-07,-0.008341
2011-03-08,0.008916
2011-03-09,-0.001315
2011-03-10,-0.018766
2011-03-11,0.007093
2011-03-14,-0.005926
2011-03-15,-0.011076
2011-03-16,-0.019406
2011-03-17,0.012964
2011-03-18,0.004214
2011-03-21,0.015051
2011-03-22,-0.003474
2011-03-23,0.002906
2011-03-24,0.009338
2011-03-25,0.003189
2011-03-28,-0.002774
2011-03-29,0.007018
2011-03-30,0.006607
2011-03-31,-0.001745
2011-04-01,0.004883
2011-04-04,0.000303
2011-04-05,0.000078
2011-04-06,0.002195
2011-04-07,-0.001539
2011-04-08,-0.004035
2011-04-11,-0.002798
2011-04-12,-0.007586
2011-04-13,0.000346
2011-04-14,0.000033
2011-04-15,0.003814
2011-04-18,-0.011050
2011-04-19,0.005586
2011-04-20,0.013549
2011-04-21,0.005100
2011-04-25,-0.001714
2011-04-26,0.008955
2011-04-27,0.006368
2011-04-28,0.003475
2011-04-29,0.002298
2011-05-02,-0.001740
2011-05-03,-0.003344
2011-05-04,-0.006698
2011-05-05,-0.009065
2011-05-06,0.003803
2011-05-09,0.004433
2011-05-10,0.008050
2011-05-11,-0.010942
2011-05-12,0.005101
2011-05-13,-0.008082
2011-05-16,-0.006221
2011-05-17,-0.000429
2011-05-18,0.008645
2011-05-19,0.002272
2011-05-20,-0.007735
2011-05-23,-0.011934
2011-05-24,-0.000963
2011-05-25,0.002951
2011-05-26,0.004033
2011-05-27,0.004142
2011-05-31,0.010519
2011-06-01,-0.022746
2011-06-02,-0.001283
2011-06-03,-0.009804
2011-06-06,-0.010654
2011-06-07,-0.000831
2011-06-08,-0.004286
2011-06-09,0.007452
2011-06-10,-0.013778
2011-06-13,0.000672
2011-06-14,0.012542
2011-06-15,-0.017605
2011-06-16,0.001786
2011-06-17,0.003046
2011-06-20,0.005514
2011-06-21,0.013447
2011-06-22,-0.006485
2011-06-23,-0.002696
2011-06-24,-0.011903
2011-06-27,0.009232
2011-06-28,0.012946
2011-06-29,0.008256
2011-06-30,0.010077
2011-07-01,0.014370
2011-07-05,-0.001240
2011-07-06,0.001140
2011-07-07,0.010621
2011-07-08,-0.006843
2011-07-11,-0.018056
2011-07-12,-0.004435
2011-07-13,0.003072
2011-07-14,-0.006827
2011-07-15,0.005592
2011-07-18,-0.008191
2011-07-19,0.016329
2011-07-20,-0.000703
2011-07-21,0.013413
2011-07-22,0.000940
2011-07-25,-0.005617
2011-07-26,-0.003895
2011-07-27,-0.020296
2011-07-28,-0.003264
2011-07-29,-0.006379
2011-08-01,-0.004215
2011-08-02,-0.025578
2011-08-03,0.005107
2011-08-04,-0.047769
2011-08-05,-0.000684
2011-08-08,-0.066672
2011-08-09,0.047397
2011-08-10,-0.044203
2011-08-11,0.046001
2011-08-12,0.005168
2011-08-15,0.021612
2011-08-16,-0.009306
2011-08-17,0.000748
2011-08-18,-0.044425
2011-08-19,-0.014923
2011-08-22,0.000358
2011-08-23,0.034431
2011-08-24,0.013040
2011-08-25,-0.015582
2011-08-26,0.015147
2011-08-29,0.028280
2011-08-30,0.002389
2011-08-31,0.004979
2011-09-01,-0.011971
2011-09-02,-0.025143
2011-09-06,-0.007302
2011-09-07,0.028764
2011-09-08,-0.010664
2011-09-09,-0.026645
2011-09-12,0.006986
2011-09-13,0.009279
2011-09-14,0.013539
2011-09-15,0.017121
2011-09-16,0.005764
2011-09-19,-0.009728
2011-09-20,-0.001838
2011-09-21,-0.029211
2011-09-22,-0.032026
2011-09-23,0.006231
2011-09-26,0.023156
2011-09-27,0.010547
2011-09-28,-0.020530
2011-09-29,0.007848
2011-09-30,-0.024883
2011-10-03,-0.028422
2011-10-04,0.022397
2011-10-05,0.017743
2011-10-06,0.018385
2011-10-07,-0.008025
2011-10-10,0.034095
2011-10-11,0.000576
2011-10-12,0.009817
2011-10-13,-0.003011
2011-10-14,0.017327
2011-10-17,-0.019340
2011-10-18,0.020516
2011-10-19,-0.012682
2011-10-20,0.004418
2011-10-21,0.018750
2011-10-24,0.013019
2011-10-25,-0.020037
2011-10-26,0.010230
2011-10-27,0.034341
2011-10-28,0.000384
2011-10-31,-0.024825
2011-11-01,-0.027871
2011-11-02,0.016157
2011-11-03,0.018697
2011-11-04,-0.006264
2011-11-07,0.006308
2011-11-08,0.011834
2011-11-09,-0.036760
2011-11-10,0.008501
2011-11-11,0.019601
2011-11-14,-0.009484
2011-11-15,0.004561
2011-11-16,-0.016755
2011-11-17,-0.016865
2011-11-18,-0.000455
2011-11-21,-0.018753
2011-11-22,-0.004113
2011-11-23,-0.022001
2011-11-25,-0.002638
2011-11-28,0.029075
2011-11-29,0.002260
2011-11-30,0.043160
2011-12-01,-0.001840
2011-12-02,-0.000377
2011-12-05,0.010415
2011-12-06,0.001110
2011-12-07,0.001927
2011-12-08,-0.021226
2011-12-09,0.016949
2011-12-12,-0.014933
2011-12-13,-0.008826
2011-12-14,-0.011303
2011-12-15,0.003205
2011-12-16,0.003265
2011-12-19,-0.011856
2011-12-20,0.029746
2011-12-21,0.001625
2011-12-22,0.008137
2011-12-23,0.009022
2011-12-27,-0.000085
2011-12-28,-0.012453
2011-12-29,0.010614
2011-12-30,-0.004275
2012-01-03,0.015350
2012-01-04,0.000179
2012-01-05,0.002894
2012-01-06,-0.002561
2012-01-09,0.002303
2012-01-10,0.008921
2012-01-11,0.000312
2012-01-12,0.002389
2012-01-13,-0.004854
2012-01-17,0.003456
2012-01-18,0.011228
2012-01-19,0.005077
2012-01-20,0.000767
2012-01-23,0.000415
2012-01-24,-0.000942
2012-01-25,0.008501
2012-01-26,-0.005705
2012-01-27,-0.001563
2012-01-30,-0.002384
2012-01-31,-0.000404
2012-02-01,0.009040
2012-02-02,0.001182
2012-02-03,0.014581
2012-02-06,-0.000522
2012-02-07,0.001963
2012-02-08,0.002205
2012-02-09,0.001636
2012-02-10,-0.007001
2012-02-13,0.006710
2012-02-14,-0.000901
2012-02-15,-0.005428
2012-02-16,0.011141
2012-02-17,0.002367
2012-02-21,0.000393
2012-02-22,-0.003475
2012-02-23,0.004311
2012-02-24,0.001832
2012-02-27,0.001352
2012-02-28,0.003469
2012-02-29,-0.004606
2012-03-01,0.006098
2012-03-02,-0.003078
2012-03-05,-0.003783
2012-03-06,-0.015378
2012-03-07,0.007024
2012-03-08,0.009598
2012-03-09,0.003565
2012-03-12,0.000168
2012-03-13,0.018022
2012-03-14,-0.001218
2012-03-15,0.005985
2012-03-16,0.001056
2012-03-19,0.003777
2012-03-20,-0.002856
2012-03-21,-0.001898
2012-03-22,-0.007176
2012-03-23,0.003121
2012-03-26,0.013912
2012-03-27,-0.002702
2012-03-28,-0.004948
2012-03-29,-0.001658
2012-03-30,0.003726
2012-04-02,0.007354
2012-04-03,-0.004023
2012-04-04,-0.010061
2012-04-05,-0.000463
2012-04-09,-0.011389
2012-04-10,-0.017072
2012-04-11,0.007440
2012-04-12,0.013787
2012-04-13,-0.012437
2012-04-16,-0.000450
2012-04-17,0.015503
2012-04-18,-0.003956
2012-04-19,-0.005873
2012-04-20,0.001347
2012-04-23,-0.008789
2012-04-24,0.003327
2012-04-25,0.013538
2012-04-26,0.006968
2012-04-27,0.002678
2012-04-30,-0.003860
2012-05-01,0.005571
2012-05-02,-0.002441
2012-05-03,-0.007741
2012-05-04,-0.016228
2012-05-07,0.000158
2012-05-08,-0.004297
2012-05-09,-0.006572
2012-05-10,0.002405
2012-05-11,-0.003330
2012-05-14,-0.011118
2012-05-15,-0.005643
2012-05-16,-0.004606
2012-05-17,-0.014772
2012-05-18,-0.007286
2012-05-21,0.016107
2012-05-22,0.000550
2012-05-23,0.001797
2012-05-24,0.001366
2012-05-25,-0.002082
2012-05-29,0.011140
2012-05-30,-0.014381
2012-05-31,-0.002212
2012-06-01,-0.024748
2012-06-04,0.000267
2012-06-05,0.005801
2012-06-06,0.022801
2012-06-07,-0.000046
2012-06-08,0.008351
2012-06-11,-0.012789
2012-06-12,0.011638
2012-06-13,-0.007032
2012-06-14,0.010710
2012-06-15,0.010417
2012-06-18,0.001478
2012-06-19,0.009826
2012-06-20,-0.001489
2012-06-21,-0.022239
2012-06-22,0.007079
2012-06-25,-0.015696
2012-06-26,0.004756
2012-06-27,0.008765
2012-06-28,-0.002217
2012-06-29,0.025128
2012-07-02,0.002347
2012-07-03,0.006484
2012-07-05,-0.004570
2012-07-06,-0.009382
2012-07-09,-0.001641
2012-07-10,-0.008024
2012-07-11,-0.000144
2012-07-12,-0.005038
2012-07-13,0.016596
2012-07-16,-0.002319
2012-07-17,0.007375
2012-07-18,0.006629
2012-07-19,0.002609
2012-07-20,-0.009842
2012-07-23,-0.009067
2012-07-24,-0.009039
2012-07-25,-0.000365
2012-07-26,0.016636
2012-07-27,0.019176
2012-07-30,-0.000346
2012-07-31,-0.004443
2012-08-01,-0.003232
2012-08-02,-0.007240
2012-08-03,0.018914
2012-08-06,0.002352
2012-08-07,0.005156
2012-08-08,0.000658
2012-08-09,0.000329
2012-08-10,0.002111
2012-08-13,-0.001219
2012-08-14,0.000046
2012-08-15,0.001306
2012-08-16,0.006883
2012-08-17,0.001857
2012-08-20,-0.000044
2012-08-21,-0.003647
2012-08-22,0.000187
2012-08-23,-0.007955
2012-08-24,0.006557
2012-08-27,-0.000417
2012-08-28,-0.000765
2012-08-29,0.000899
2012-08-30,-0.007807
2012-08-31,0.005171
2012-09-04,-0.000956
2012-09-05,-0.001116
2012-09-06,0.020233
2012-09-07,0.003958
2012-09-10,-0.006192
2012-09-11,0.003164
2012-09-12,0.002079
2012-09-13,0.016159
2012-09-14,0.004015
2012-09-17,-0.003213
2012-09-18,-0.001304
2012-09-19,0.001193
2012-09-20,-0.000593
2012-09-21,-0.000182
2012-09-24,-0.002032
2012-09-25,-0.010634
2012-09-26,-0.005741
2012-09-27,0.009516
2012-09-28,-0.004487
2012-10-01,0.002720
2012-10-02,0.000921
2012-10-03,0.003665
2012-10-04,0.007233
2012-10-05,-0.000337
2012-10-08,-0.003299
2012-10-09,-0.009950
2012-10-10,-0.006003
2012-10-11,0.000258
2012-10-12,-0.002810
2012-10-15,0.008094
2012-10-16,0.010142
2012-10-17,0.004050
2012-10-18,-0.002554
2012-10-19,-0.016542
2012-10-22,0.000389
2012-10-23,-0.014309
2012-10-24,-0.003039
2012-10-25,0.002757
2012-10-26,-0.000461
2012-10-31,0.000253
2012-11-01,0.010500
2012-11-02,-0.009233
2012-11-05,0.002057
2012-11-06,0.007967
2012-11-07,-0.023513
2012-11-08,-0.012247
2012-11-09,0.001547
2012-11-12,0.000099
2012-11-13,-0.004045
2012-11-14,-0.013897
2012-11-15,-0.002049
2012-11-16,0.004836
2012-11-19,0.019568
2012-11-20,0.000702
2012-11-21,0.002364
2012-11-23,0.013078
2012-11-26,-0.002038
2012-11-27,-0.005188
2012-11-28,0.008008
2012-11-29,0.004235
2012-11-30,0.000343
2012-12-03,-0.004844
2012-12-04,-0.001589
2012-12-05,0.001527
2012-12-06,0.002920
2012-12-07,0.003010
2012-12-10,0.000293
2012-12-11,0.006462
2012-12-12,-0.000002
2012-12-13,-0.006255
2012-12-14,-0.004055
2012-12-17,0.011707
2012-12-18,0.011410
2012-12-19,-0.007361
2012-12-20,0.005294
2012-12-21,-0.009266
2012-12-24,-0.002417
2012-12-26,-0.004915
2012-12-27,-0.001189
2012-12-28,-0.011010
2012-12-31,0.016567
2013-01-02,0.025422
2013-01-03,-0.002199
2013-01-04,0.004998
2013-01-07,-0.003087
2013-01-08,-0.003227
2013-01-09,0.002711
2013-01-10,0.007413
2013-01-11,0.000066
2013-01-14,-0.000932
2013-01-15,0.001295
2013-01-16,0.000154
2013-01-17,0.005610
2013-01-18,0.003491
2013-01-22,0.004356
2013-01-23,0.001411
2013-01-24,0.000240
2013-01-25,0.005407
2013-01-28,-0.001854
2013-01-29,0.004909
2013-01-30,-0.003568
2013-01-31,-0.002535
2013-02-01,0.009981
2013-02-04,-0.011563
2013-02-05,0.010380
2013-02-06,0.000612
2013-02-07,-0.001759
2013-02-08,0.005601
2013-02-11,-0.000616
2013-02-12,0.001552
2013-02-13,0.000590
2013-02-14,0.000529
2013-02-15,-0.001275
2013-02-19,0.007178
2013-02-20,-0.012281
2013-02-21,-0.006161
2013-02-22,0.008775
2013-02-25,-0.018228
2013-02-26,0.006108
2013-02-27,0.012647
2013-02-28,-0.000999
2013-03-01,0.002448
2013-03-04,0.004873
2013-03-05,0.009477
2013-03-06,0.001058
2013-03-07,0.001814
2013-03-08,0.004338
2013-03-11,0.003211
2013-03-12,-0.002248
2013-03-13,0.001322
2013-03-14,0.005478
2013-03-15,-0.001658
2013-03-18,-0.005462
2013-03-19,-0.002378
2013-03-20,0.006777
2013-03-21,-0.008503
2013-03-22,0.007153
2013-03-25,-0.003320
2013-03-26,0.007764
2013-03-27,-0.000518
2013-03-28,0.004009
2013-04-01,-0.004317
2013-04-02,0.005009
2013-04-03,-0.010530
2013-04-04,0.004065
2013-04-05,-0.004229
2013-04-08,0.006358
2013-04-09,0.003800
2013-04-10,0.012040
2013-04-11,0.003448
2013-04-12,-0.002745
2013-04-15,-0.022746
2013-04-16,0.014195
2013-04-17,-0.014184
2013-04-18,-0.006713
2013-04-19,0.008796
2013-04-22,0.004632
2013-04-23,0.010427
2013-04-24,0.000003
2013-04-25,0.004158
2013-04-26,-0.001926
2013-04-29,0.007081
2013-04-30,0.002522
2013-05-01,-0.009256
2013-05-02,0.009376
2013-05-03,0.010579
2013-05-06,0.001783
2013-05-07,0.005191
2013-05-08,0.003986
2013-05-09,-0.003714
2013-05-10,0.004424
2013-05-13,0.000047
2013-05-14,0.010216
2013-05-15,0.005223
2013-05-16,-0.005000
2013-05-17,0.010253
2013-05-20,-0.000701
2013-05-21,0.001637
2013-05-22,-0.008383
2013-05-23,-0.003009
2013-05-24,-0.000420
2013-05-28,0.006383
2013-05-29,-0.007188
2013-05-30,0.003486
2013-05-31,-0.014157
2013-06-03,0.005928
2013-06-04,-0.005469
2013-06-05,-0.013679
2013-06-06,0.008386
2013-06-07,0.012899
2013-06-10,-0.000370
2013-06-11,-0.010237
2013-06-12,-0.008469
2013-06-13,0.014697
2013-06-14,-0.005886
2013-06-17,0.007602
2013-06-18,0.007793
2013-06-19,-0.013919
2013-06-20,-0.025025
2013-06-21,0.002348
2013-06-24,-0.011854
2013-06-25,0.009391
2013-06-26,0.009638
2013-06-27,0.006286
2013-06-28,-0.004375
2013-07-01,0.005374
2013-07-02,-0.000626
2013-07-03,0.000822
2013-07-05,0.010108
2013-07-08,0.005404
2013-07-09,0.007243
2013-07-10,0.000188
2013-07-11,0.013592
2013-07-12,0.003009
2013-07-15,0.001518
2013-07-16,-0.003745
2013-07-17,0.002722
2013-07-18,0.004904
2013-07-19,0.001472
2013-07-22,0.002017
2013-07-23,-0.001750
2013-07-24,-0.003739
2013-07-25,0.002486
2013-07-26,0.000805
2013-07-29,-0.003718
2013-07-30,0.000492
2013-07-31,-0.000256
2013-08-01,0.012407
2013-08-02,0.001644
2013-08-05,-0.001511
2013-08-06,-0.005730
2013-08-07,-0.003914
2013-08-08,0.003838
2013-08-09,-0.003486
2013-08-12,-0.001169
2013-08-13,0.002655
2013-08-14,-0.005160
2013-08-15,-0.014432
2013-08-16,-0.003388
2013-08-19,-0.005951
2013-08-20,0.003828
2013-08-21,-0.005654
2013-08-22,0.008584
2013-08-23,0.004019
2013-08-26,-0.004035
2013-08-27,-0.015764
2013-08-28,0.002502
2013-08-29,0.002068
2013-08-30,-0.003025
2013-09-03,0.004055
2013-09-04,0.008061
2013-09-05,0.001233
2013-09-06,0.000059
2013-09-09,0.010092
2013-09-10,0.007435
2013-09-11,0.002995
2013-09-12,-0.003344
2013-09-13,0.002814
2013-09-16,0.005720
2013-09-17,0.004322
2013-09-18,0.012271
2013-09-19,-0.001805
2013-09-20,-0.007188
2013-09-23,-0.004706
2013-09-24,-0.002611
2013-09-25,-0.002867
2013-09-26,0.003456
2013-09-27,-0.004121
2013-09-30,-0.006041
2013-10-01,0.007882
2013-10-02,-0.000642
2013-10-03,-0.008985
2013-10-04,0.006955
2013-10-07,-0.008657
2013-10-08,-0.012129
2013-10-09,0.000568
2013-10-10,0.021847
2013-10-11,0.006241
2013-10-14,0.004028
2013-10-15,-0.007052
2013-10-16,0.013823
2013-10-17,0.006699
2013-10-18,0.006575
2013-10-21,0.000036
2013-10-22,0.005810
2013-10-23,-0.004782
2013-10-24,0.003369
2013-10-25,0.004538
2013-10-28,0.001401
2013-10-29,0.005574
2013-10-30,-0.004802
2013-10-31,-0.003704
2013-11-01,0.002805
2013-11-04,0.003602
2013-11-05,-0.002749
2013-11-06,0.004397
2013-11-07,-0.013266
2013-11-08,0.013368
2013-11-11,0.000868
2013-11-12,-0.002278
2013-11-13,0.008112
2013-11-14,0.004848
2013-11-15,0.004156
2013-11-18,-0.003681
2013-11-19,-0.002140
2013-11-20,-0.003624
2013-11-21,0.008073
2013-11-22,0.004941
2013-11-25,-0.001149
2013-11-26,0.000203
2013-11-27,0.002552
2013-11-29,-0.000746
2013-12-02,-0.002569
2013-12-03,-0.003245
2013-12-04,-0.001370
2013-12-05,-0.004479
2013-12-06,0.011246
2013-12-09,0.001829
2013-12-10,-0.003302
2013-12-11,-0.011233
2013-12-12,-0.003865
2013-12-13,-0.000084
2013-12-16,0.006316
2013-12-17,-0.003097
2013-12-18,0.016570
2013-12-19,-0.000629
2013-12-20,0.005032
2013-12-23,0.005186
2013-12-24,0.002903
2013-12-26,0.004782
2013-12-27,-0.000416
2013-12-30,-0.000178
2013-12-31,0.003921
2014-01-02,-0.008732
2014-01-03,-0.000315
2014-01-06,-0.002512
2014-01-07,0.006080
2014-01-08,-0.000231
2014-01-09,0.000369
2014-01-10,0.002358
2014-01-13,-0.012631
2014-01-14,0.010861
2014-01-15,0.005033
2014-01-16,-0.001381
2014-01-17,-0.003820
2014-01-21,0.002769
2014-01-22,0.000526
2014-01-23,-0.008925
2014-01-24,-0.020894
2014-01-27,-0.005016
2014-01-28,0.006285
2014-01-29,-0.010281
2014-01-30,0.011435
2014-01-31,-0.006644
2014-02-03,-0.022957
2014-02-04,0.007636
2014-02-05,-0.002025
2014-02-06,0.012404
2014-02-07,0.013283
2014-02-10,0.001651
2014-02-11,0.011080
2014-02-12,-0.000295
2014-02-13,0.005947
2014-02-14,0.004739
2014-02-18,0.001130
2014-02-19,-0.006418
2014-02-20,0.005961
2014-02-21,-0.001883
2014-02-24,0.006265
2014-02-25,-0.001325
2014-02-26,0.000187
2014-02-27,0.004830
2014-02-28,0.002714
2014-03-03,-0.007414
2014-03-04,0.015303
2014-03-05,-0.000032
2014-03-06,0.001551
2014-03-07,0.000424
2014-03-10,-0.000549
2014-03-11,-0.005080
2014-03-12,0.000347
2014-03-13,-0.011715
2014-03-14,-0.002808
2014-03-17,0.009601
2014-03-18,0.007266
2014-03-19,-0.006192
2014-03-20,0.006010
2014-03-21,-0.002974
2014-03-24,-0.004746
2014-03-25,0.004318
2014-03-26,-0.007053
2014-03-27,-0.001886
2014-03-28,0.004633
2014-03-31,0.007946
2014-04-01,0.007108
2014-04-02,0.002836
2014-04-03,-0.001193
2014-04-04,-0.012641
2014-04-07,-0.010683
2014-04-08,0.003985
2014-04-09,0.010935
2014-04-10,-0.021013
2014-04-11,-0.009551
2014-04-14,0.008276
2014-04-15,0.006703
2014-04-16,0.010526
2014-04-17,0.001300
2014-04-21,0.003723
2014-04-22,0.004066
2014-04-23,-0.002273
2014-04-24,0.001637
2014-04-25,-0.008293
2014-04-28,0.003162
2014-04-29,0.004841
2014-04-30,0.003077
2014-05-01,-0.000109
2014-05-02,-0.001378
2014-05-05,0.001818
2014-05-06,-0.009006
2014-05-07,0.005487
2014-05-08,-0.001337
2014-05-09,0.001630
2014-05-12,0.009866
2014-05-13,0.000443
2014-05-14,-0.004749
2014-05-15,-0.009543
2014-05-16,0.003721
2014-05-19,0.003815
2014-05-20,-0.006555
2014-05-21,0.008116
2014-05-22,0.002306
2014-05-23,0.004315
2014-05-27,0.005987
2014-05-28,-0.001167
2014-05-29,0.005367
2014-05-30,0.001885
2014-06-02,0.000741
2014-06-03,-0.000435
2014-06-04,0.001921
2014-06-05,0.006577
2014-06-06,0.004668
2014-06-09,0.000915
2014-06-10,-0.000268
2014-06-11,-0.003560
2014-06-12,-0.007121
2014-06-13,0.003122
2014-06-16,0.000821
2014-06-17,0.002220
2014-06-18,0.007839
2014-06-19,0.001174
2014-06-20,0.001685
2014-06-23,-0.000021
2014-06-24,-0.006436
2014-06-25,0.004798
2014-06-26,-0.001319
2014-06-27,0.002011
2014-06-30,-0.000347
2014-07-01,0.006686
2014-07-02,0.000600
2014-07-03,0.005387
2014-07-07,-0.003884
2014-07-08,-0.007007
2014-07-09,0.004601
2014-07-10,-0.004144
2014-07-11,0.001523
2014-07-14,0.004852
2014-07-15,-0.001937
2014-07-16,0.004236
2014-07-17,-0.011709
2014-07-18,0.010234
2014-07-21,-0.002290
2014-07-22,0.004960
2014-07-23,0.001754
2014-07-24,0.000455
2014-07-25,-0.004956
2014-07-28,0.000226
2014-07-29,-0.004543
2014-07-30,0.000033
2014-07-31,-0.019988
2014-08-01,-0.002982
2014-08-04,0.007132
2014-08-05,-0.009587
2014-08-06,0.000025
2014-08-07,-0.005534
2014-08-08,0.011499
2014-08-11,0.002719
2014-08-12,-0.001719
2014-08-13,0.006686
2014-08-14,0.004312
2014-08-15,-0.000031
2014-08-18,0.008565
2014-08-19,0.005085
2014-08-20,0.002453
2014-08-21,0.002951
2014-08-22,-0.001885
2014-08-25,0.004768
2014-08-26,0.001081
2014-08-27,-0.000072
2014-08-28,-0.001722
2014-08-29,0.003282
2014-09-02,-0.000479
2014-09-03,-0.000751
2014-09-04,-0.001412
2014-09-05,0.005033
2014-09-08,-0.003160
2014-09-09,-0.006565
2014-09-10,0.003575
2014-09-11,0.000850
2014-09-12,-0.005931
2014-09-15,-0.000825
2014-09-16,0.007528
2014-09-17,0.001235
2014-09-18,0.004893
2014-09-19,-0.000457
2014-09-22,-0.008037
2014-09-23,-0.005836
2014-09-24,0.007977
2014-09-25,-0.016122
2014-09-26,0.008510
2014-09-29,-0.002583
2014-09-30,-0.002702
2014-10-01,-0.013169
2014-10-02,0.000062
2014-10-03,0.011155
2014-10-06,-0.001525
2014-10-07,-0.015099
2014-10-08,0.017349
2014-10-09,-0.020619
2014-10-10,-0.011390
2014-10-13,-0.016466
2014-10-14,0.001629
2014-10-15,-0.008187
2014-10-16,0.000041
2014-10-17,0.012737
2014-10-20,0.009164
2014-10-21,0.019466
2014-10-22,-0.007201
2014-10-23,0.012181
2014-10-24,0.006855
2014-10-27,-0.001478
2014-10-28,0.011817
2014-10-29,-0.001398
2014-10-30,0.006314
2014-10-31,0.011688
2014-11-03,-0.000174
2014-11-04,-0.002768
2014-11-05,0.005571
2014-11-06,0.003818
2014-11-07,0.000485
2014-11-10,0.003222
2014-11-11,0.000677
2014-11-12,-0.000730
2014-11-13,0.000825
2014-11-14,0.000307
2014-11-17,0.000764
2014-11-18,0.005105
2014-11-19,-0.001328
2014-11-20,0.001833
2014-11-21,0.005188
2014-11-24,0.002878
2014-11-25,-0.001244
2014-11-26,0.002653
2014-11-28,-0.002176
2014-12-01,-0.007045
2014-12-02,0.006302
2014-12-03,0.003549
2014-12-04,-0.001134
2014-12-05,0.001599
2014-12-08,-0.007167
2014-12-09,-0.000200
2014-12-10,-0.016330
2014-12-11,0.004564
2014-12-12,-0.016093
2014-12-15,-0.006173
2014-12-16,-0.008611
2014-12-17,0.020269
2014-12-18,0.024143
2014-12-19,0.004476
2014-12-22,0.003950
2014-12-23,0.001856
2014-12-24,-0.000186
2014-12-26,0.003308
2014-12-29,0.000724
2014-12-30,-0.004855
2014-12-31,-0.010247
2015-01-02,-0.000298
2015-01-05,-0.018180
2015-01-06,-0.008869
2015-01-07,0.011801
2015-01-08,0.017808
2015-01-09,-0.008405
2015-01-12,-0.007980
2015-01-13,-0.002660
2015-01-14,-0.005934
2015-01-15,-0.009175
2015-01-16,0.013305
2015-01-20,0.001654
2015-01-21,0.004758
2015-01-22,0.015291
2015-01-23,-0.005362
2015-01-26,0.002489
2015-01-27,-0.013293
2015-01-28,-0.013424
2015-01-29,0.009555
2015-01-30,-0.012849
2015-02-02,0.012825
2015-02-03,0.014285
2015-02-04,-0.004112
2015-02-05,0.010233
2015-02-06,-0.003371
2015-02-09,-0.004351
2015-02-10,0.010792
2015-02-11,-0.000140
2015-02-12,0.009588
2015-02-13,0.003995
2015-02-17,0.001537
2015-02-18,-0.000298
2015-02-19,-0.001104
2015-02-20,0.006060
2015-02-23,-0.000259
2015-02-24,0.002656
2015-02-25,-0.000750
2015-02-26,-0.001424
2015-02-27,-0.002882
2015-03-02,0.006213
2015-03-03,-0.004599
2015-03-04,-0.004384
2015-03-05,0.001339
2015-03-06,-0.014321
2015-03-09,0.003943
2015-03-10,-0.016861
2015-03-11,-0.002020
2015-03-12,0.012731
2015-03-13,-0.006000
2015-03-16,0.013611
2015-03-17,-0.003353
2015-03-18,0.012119
2015-03-19,-0.004851
2015-03-20,0.009100
2015-03-23,-0.001711
2015-03-24,-0.006024
2015-03-25,-0.014674
2015-03-26,-0.002308
2015-03-27,0.002291
2015-03-30,0.012186
2015-03-31,-0.008663
2015-04-01,-0.004083
2015-04-02,0.003482
2015-04-06,0.006594
2015-04-07,-0.002121
2015-04-08,0.002817
2015-04-09,0.004430
2015-04-10,0.005049
2015-04-13,-0.004563
2015-04-14,0.001613
2015-04-15,0.005081
2015-04-16,-0.000837
2015-04-17,-0.011408
2015-04-20,0.009163
2015-04-21,-0.001395
2015-04-22,0.005094
2015-04-23,0.002380
2015-04-24,0.002426
2015-04-27,-0.004144
2015-04-28,0.002643
2015-04-29,-0.003837
2015-04-30,-0.010100
2015-05-01,0.010828
2015-05-04,0.002882
2015-05-05,-0.011804
2015-05-06,-0.004450
2015-05-07,0.003849
2015-05-08,0.013359
2015-05-11,-0.005007
2015-05-12,-0.002863
2015-05-13,-0.000320
2015-05-14,0.010787
2015-05-15,0.000706
2015-05-18,0.003049
2015-05-19,-0.000974
2015-05-20,-0.000948
2015-05-21,0.002387
2015-05-22,-0.002239
2015-05-26,-0.010336
2015-05-27,0.009173
2015-05-28,-0.001292
2015-05-29,-0.006272
2015-06-01,0.002093
2015-06-02,-0.000992
2015-06-03,0.002161
2015-06-04,-0.008619
2015-06-05,-0.001472
2015-06-08,-0.006549
2015-06-09,0.000484
2015-06-10,0.012111
2015-06-11,0.001709
2015-06-12,-0.006967
2015-06-15,-0.004645
2015-06-16,0.005791
2015-06-17,0.002009
2015-06-18,0.009718
2015-06-19,-0.005333
2015-06-22,0.006047
2015-06-23,0.000667
2015-06-24,-0.007332
2015-06-25,-0.002979
2015-06-26,-0.000350
2015-06-29,-0.020825
2015-06-30,0.002653
2015-07-01,0.006862
2015-07-02,-0.000255
2015-07-06,-0.003833
2015-07-07,0.006233
2015-07-08,-0.016552
2015-07-09,0.002285
2015-07-10,0.012365
2015-07-13,0.011162
2015-07-14,0.004462
2015-07-15,-0.000935
2015-07-16,0.008065
2015-07-17,0.001293
2015-07-20,0.000855
2015-07-21,-0.004309
2015-07-22,-0.002311
2015-07-23,-0.005776
2015-07-24,-0.010452
2015-07-27,-0.005737
2015-07-28,0.012282
2015-07-29,0.007327
2015-07-30,0.000094
2015-07-31,-0.002198
2015-08-03,-0.002675
2015-08-04,-0.002161
2015-08-05,0.003300
2015-08-06,-0.007796
2015-08-07,-0.003048
2015-08-10,0.012645
2015-08-11,-0.009331
2015-08-12,0.000904
2015-08-13,-0.001357
2015-08-14,0.003976
2015-08-17,0.005085
2015-08-18,-0.002779
2015-08-19,-0.008234
2015-08-20,-0.020964
2015-08-21,-0.031813
2015-08-24,-0.039397
2015-08-25,-0.013385
2015-08-26,0.039099
2015-08-27,0.024166
2015-08-28,0.000510
2015-08-31,-0.008432
2015-09-01,-0.029466
2015-09-02,0.018307
2015-09-03,0.001258
2015-09-04,-0.015277
2015-09-08,0.025313
2015-09-09,-0.013895
2015-09-10,0.005138
2015-09-11,0.004604
2015-09-14,-0.004077
2015-09-15,0.012688
2015-09-16,0.008763
2015-09-17,-0.002514
2015-09-18,-0.016085
2015-09-21,0.004599
2015-09-22,-0.012347
2015-09-23,-0.002079
2015-09-24,-0.003418
2015-09-25,-0.000519
2015-09-28,-0.025771
2015-09-29,0.001123
2015-09-30,0.019113
2015-10-01,0.002017
2015-10-02,0.014440
2015-10-05,0.018260
2015-10-06,-0.003654
2015-10-07,0.007984
2015-10-08,0.008752
2015-10-09,0.000776
2015-10-12,0.001287
2015-10-13,-0.006795
2015-10-14,-0.005284
2015-10-15,0.014691
2015-10-16,0.004642
2015-10-19,0.000185
2015-10-20,-0.001521
2015-10-21,-0.005806
2015-10-22,0.016523
2015-10-23,0.010924
2015-10-26,-0.001808
2015-10-27,-0.002522
2015-10-28,0.011678
2015-10-29,-0.000452
2015-10-30,-0.004718
2015-11-02,0.011685
2015-11-03,0.002663
2015-11-04,-0.003441
2015-11-05,-0.000941
2015-11-06,-0.000410
2015-11-09,-0.009832
2015-11-10,0.001616
2015-11-11,-0.003284
2015-11-12,-0.013919
2015-11-13,-0.011293
2015-11-16,0.014988
2015-11-17,-0.001158
2015-11-18,0.016172
2015-11-19,-0.001125
2015-11-20,0.003780
2015-11-23,-0.001058
2015-11-24,0.001175
2015-11-25,0.000005
2015-11-27,0.000530
2015-11-30,-0.004879
2015-12-01,0.010650
2015-12-02,-0.010979
2015-12-03,-0.014282
2015-12-04,0.020359
2015-12-07,-0.006858
2015-12-08,-0.006372
2015-12-09,-0.007755
2015-12-10,0.002214
2015-12-11,-0.019432
2015-12-14,0.004885
2015-12-15,0.010437
2015-12-16,0.014597
2015-12-17,-0.015116
2015-12-18,-0.017558
2015-12-21,0.007755
2015-12-22,0.008840
2015-12-23,0.012370
2015-12-24,-0.001641
2015-12-28,-0.002084
2015-12-29,0.010711
2015-12-30,-0.007165
2015-12-31,-0.009435
2016-01-04,-0.015417
2016-01-05,0.002134
2016-01-06,-0.012912
2016-01-07,-0.023461
2016-01-08,-0.010901
2016-01-11,0.001055
2016-01-12,0.007727
2016-01-13,-0.025160
2016-01-14,0.016622
2016-01-15,-0.021706
2016-01-19,0.000581
2016-01-20,-0.011728
2016-01-21,0.005370
2016-01-22,0.020313
2016-01-25,-0.015354
2016-01-26,0.014103
2016-01-27,-0.010892
2016-01-28,0.005698
2016-01-29,0.024503
2016-02-01,-0.000382
2016-02-02,-0.018695
2016-02-03,0.004551
2016-02-04,0.001479
2016-02-05,-0.018471
2016-02-08,-0.014344
2016-02-09,-0.000764
2016-02-10,-0.000070
2016-02-11,-0.012121
2016-02-12,0.019302
2016-02-16,0.016511
2016-02-17,0.016507
2016-02-18,-0.004859
2016-02-19,0.000127
2016-02-22,0.014513
2016-02-23,-0.012207
2016-02-24,0.004449
2016-02-25,0.011418
2016-02-26,-0.001878
2016-02-29,-0.008189
2016-03-01,0.023568
2016-03-02,0.003982
2016-03-03,0.003493
2016-03-04,0.003108
2016-03-07,0.000830
2016-03-08,-0.011132
2016-03-09,0.004927
2016-03-10,0.000142
2016-03-11,0.016297
2016-03-14,-0.001149
2016-03-15,-0.001860
2016-03-16,0.005686
2016-03-17,0.006385
2016-03-18,0.004326
2016-03-21,0.000997
2016-03-22,-0.000905
2016-03-23,-0.006338
2016-03-24,-0.000328
2016-03-28,0.000568
2016-03-29,0.008794
2016-03-30,0.004389
2016-03-31,-0.002031
2016-04-01,0.006380
2016-04-04,-0.003268
2016-04-05,-0.010148
2016-04-06,0.010507
2016-04-07,-0.012027
2016-04-08,0.002767
2016-04-11,-0.002804
2016-04-12,0.009720
2016-04-13,0.009941
2016-04-14,0.000135
2016-04-15,-0.000877
2016-04-18,0.006621
2016-04-19,0.002914
2016-04-20,0.000684
2016-04-21,-0.005253
2016-04-22,0.000015
2016-04-25,-0.001657
2016-04-26,0.001775
2016-04-27,0.001666
2016-04-28,-0.009212
2016-04-29,-0.004958
2016-05-02,0.007952
2016-05-03,-0.008702
2016-05-04,-0.005814
2016-05-05,-0.000138
2016-05-06,0.003339
2016-05-09,0.000912
2016-05-10,0.012481
2016-05-11,-0.009667
2016-05-12,-0.000048
2016-05-13,-0.008599
2016-05-16,0.009801
2016-05-17,-0.009641
2016-05-18,-0.000101
2016-05-19,-0.003176
2016-05-20,0.006009
2016-05-23,-0.002096
2016-05-24,0.013658
2016-05-25,0.006897
2016-05-26,-0.000177
2016-05-27,0.004229
2016-05-31,-0.000879
2016-06-01,0.001096
2016-06-02,0.002795
2016-06-03,-0.002841
2016-06-06,0.004831
2016-06-07,0.001225
2016-06-08,0.003300
2016-06-09,-0.001739
2016-06-10,-0.009155
2016-06-13,-0.008055
2016-06-14,-0.001741
2016-06-15,-0.001785
2016-06-16,0.003100
2016-06-17,-0.003234
2016-06-20,0.005851
2016-06-21,0.002647
2016-06-22,-0.001654
2016-06-23,0.013321
2016-06-24,-0.035723
2016-06-27,-0.018012
2016-06-28,0.017597
2016-06-29,0.017125
2016-06-30,0.013527
2016-07-01,0.001983
2016-07-05,-0.006708
2016-07-06,0.005371
2016-07-07,-0.000878
2016-07-08,0.015188
2016-07-11,0.003447
2016-07-12,0.006787
2016-07-13,0.000157
2016-07-14,0.005208
2016-07-15,-0.000962
2016-07-18,0.002394
2016-07-19,-0.001431
2016-07-20,0.004251
2016-07-21,-0.003603
2016-07-22,0.004505
2016-07-25,-0.002886
2016-07-26,0.000169
2016-07-27,-0.001373
2016-07-28,0.001654
2016-07-29,0.001696
2016-08-01,-0.001186
2016-08-02,-0.006435
2016-08-03,0.003061
2016-08-04,0.000262
2016-08-05,0.008616
2016-08-08,-0.000913
2016-08-09,0.000342
2016-08-10,-0.002725
2016-08-11,0.004718
2016-08-12,-0.000761
2016-08-15,0.002718
2016-08-16,-0.005510
2016-08-17,0.001798
2016-08-18,0.002312
2016-08-19,-0.001541
2016-08-22,-0.000548
2016-08-23,0.001873
2016-08-24,-0.005262
2016-08-25,-0.001435
2016-08-26,-0.001528
2016-08-29,0.005195
2016-08-30,-0.002018
2016-08-31,-0.002297
2016-09-01,0.000051
2016-09-02,0.004118
2016-09-06,0.003023
2016-09-07,-0.000190
2016-09-08,-0.002268
2016-09-09,-0.024646
2016-09-12,0.014792
2016-09-13,-0.014782
2016-09-14,-0.000624
2016-09-15,0.010111
2016-09-16,-0.003721
2016-09-19,-0.000110
2016-09-20,0.000328
2016-09-21,0.010829
2016-09-22,0.006535
2016-09-23,-0.005616
2016-09-26,-0.008648
2016-09-27,0.006555
2016-09-28,0.005200
2016-09-29,-0.009371
2016-09-30,0.008015
2016-10-03,-0.003214
2016-10-04,-0.004953
2016-10-05,0.004242
2016-10-06,0.000256
2016-10-07,-0.003311
2016-10-10,0.004571
2016-10-11,-0.012480
2016-10-12,0.001128
2016-10-13,-0.002974
2016-10-14,0.000233
2016-10-17,-0.003057
2016-10-18,0.006190
2016-10-19,0.002144
2016-10-20,-0.001395
2016-10-21,0.000165
2016-10-24,0.004962
2016-10-25,-0.003764
2016-10-26,-0.001819
2016-10-27,-0.003019
2016-10-28,-0.003083
2016-10-31,0.000013
2016-11-01,-0.006814
2016-11-02,-0.006591
2016-11-03,-0.004430
2016-11-04,-0.001791
2016-11-07,0.022177
2016-11-08,0.003796
2016-11-09,0.010852
2016-11-10,0.001581
2016-11-11,-0.001388
2016-11-14,-0.000217
2016-11-15,0.007593
2016-11-16,-0.001541
2016-11-17,0.004522
2016-11-18,-0.002494
2016-11-21,0.007530
2016-11-22,0.002289
2016-11-23,0.000773
2016-11-25,0.003931
2016-11-28,-0.005213
2016-11-29,0.001333
2016-11-30,-0.002910
2016-12-01,-0.003721
2016-12-02,0.000426
2016-12-05,0.005821
2016-12-06,0.003410
2016-12-07,0.013151
2016-12-08,0.002119
2016-12-09,0.005854
2016-12-12,-0.001166
2016-12-13,0.006517
2016-12-14,-0.008099
2016-12-15,0.003785
2016-12-16,-0.001789
2016-12-19,0.001980
2016-12-20,0.003644
2016-12-21,-0.002457
2016-12-22,-0.002063
2016-12-23,0.001259
2016-12-27,0.002288
2016-12-28,-0.008319
2016-12-29,-0.000295
2016-12-30,-0.004682
2017-01-03,0.008494
2017-01-04,0.005796
2017-01-05,-0.000715
2017-01-06,0.003425
2017-01-09,-0.003475
2017-01-10,-0.000020
2017-01-11,0.002894
2017-01-12,-0.002066
2017-01-13,0.001778
2017-01-17,-0.002746
2017-01-18,0.001726
2017-01-19,-0.003569
2017-01-20,0.003370
2017-01-23,-0.002611
2017-01-24,0.006609
2017-01-25,0.007903
2017-01-26,-0.000699
2017-01-27,-0.001027
2017-01-30,-0.005962
2017-01-31,-0.000826
2017-02-01,0.000183
2017-02-02,0.000650
2017-02-03,0.007119
2017-02-06,-0.002147
2017-02-07,0.000291
2017-02-08,0.000767
2017-02-09,0.005806
2017-02-10,0.003515
2017-02-13,0.005132
2017-02-14,0.004022
2017-02-15,0.005001
2017-02-16,-0.001009
2017-02-17,0.001984
2017-02-21,0.006130
2017-02-22,-0.001103
2017-02-23,0.000281
2017-02-24,0.001517
2017-02-27,0.000886
2017-02-28,-0.002715
2017-03-01,0.013418
2017-03-02,-0.005755
2017-03-03,0.000424
2017-03-06,-0.003265
2017-03-07,-0.002922
2017-03-08,-0.002221
2017-03-09,0.000814
2017-03-10,0.003264
2017-03-13,0.000341
2017-03-14,-0.003267
2017-03-15,0.008330
2017-03-16,-0.001398
2017-03-17,-0.001347
2017-03-20,-0.002045
2017-03-21,-0.012348
2017-03-22,0.001893
2017-03-23,-0.001053
2017-03-24,-0.000811
2017-03-27,-0.000943
2017-03-28,0.007247
2017-03-29,0.001246
2017-03-30,0.002928
2017-03-31,-0.002147
2017-04-03,-0.001650
2017-04-04,0.000585
2017-04-05,-0.003023
2017-04-06,0.001836
2017-04-07,-0.000732
2017-04-10,0.000720
2017-04-11,-0.001392
2017-04-12,-0.003706
2017-04-13,-0.006771
2017-04-17,0.008587
2017-04-18,-0.002784
2017-04-19,-0.001716
2017-04-20,0.007542
2017-04-21,-0.003016
2017-04-24,0.010759
2017-04-25,0.005989
2017-04-26,-0.000476
2017-04-27,0.000614
2017-04-28,-0.001764
2017-05-01,0.001749
2017-05-02,0.001156
2017-05-03,-0.001364
2017-05-04,0.000723
2017-05-05,0.004022
2017-05-08,-0.000127
2017-05-09,-0.000881
2017-05-10,0.001131
2017-05-11,-0.002196
2017-05-12,-0.001524
2017-05-15,0.004775
2017-05-16,-0.000728
2017-05-17,-0.018071
2017-05-18,0.003876
2017-05-19,0.006778
2017-05-22,0.005177
2017-05-23,0.001842
2017-05-24,0.002578
2017-05-25,0.004504
2017-05-26,0.000315
2017-05-30,-0.001233
2017-05-31,-0.000398
2017-06-01,0.007666
2017-06-02,0.003714
2017-06-05,-0.001162
2017-06-06,-0.002920
2017-06-07,0.001599
2017-06-08,0.000203
2017-06-09,-0.001080
2017-06-12,-0.000978
2017-06-13,0.004532
2017-06-14,-0.000939
2017-06-15,-0.002305
2017-06-16,-0.000012
2017-06-19,0.008349
2017-06-20,-0.006624
2017-06-21,-0.000395
2017-06-22,-0.000303
2017-06-23,0.001557
2017-06-26,0.000359
2017-06-27,-0.008077
2017-06-28,0.008790
2017-06-29,-0.008673
2017-06-30,0.001397
2017-07-03,0.002084
2017-07-05,0.001185
2017-07-06,-0.009336
2017-07-07,0.006404
2017-07-10,0.000841
2017-07-11,-0.000721
2017-07-12,0.007359
2017-07-13,0.001925
2017-07-14,0.004764
2017-07-17,-0.000090
2017-07-18,0.000599
2017-07-19,0.005318
2017-07-20,-0.000067
2017-07-21,-0.000323
2017-07-24,-0.000950
2017-07-25,0.002977
2017-07-26,0.000366
2017-07-27,-0.000979
2017-07-28,-0.001454
2017-07-31,-0.000857
2017-08-01,0.002373
2017-08-02,0.000275
2017-08-03,-0.002195
2017-08-04,0.001795
2017-08-07,0.001710
2017-08-08,-0.002416
2017-08-09,-0.000459
2017-08-10,-0.014502
2017-08-11,0.001351
2017-08-14,0.010031
2017-08-15,-0.000499
2017-08-16,0.001402
2017-08-17,-0.015471
2017-08-18,-0.001880
2017-08-21,0.001183
2017-08-22,0.009903
2017-08-23,-0.003459
2017-08-24,-0.002209
2017-08-25,0.001584
2017-08-28,0.000392
2017-08-29,0.000898
2017-08-30,0.004625
2017-08-31,0.005572
2017-09-01,0.001966
2017-09-05,-0.007371
2017-09-06,0.003118
2017-09-07,-0.000056
2017-09-08,-0.001592
2017-09-11,0.010746
2017-09-12,0.003409
2017-09-13,0.000824
2017-09-14,-0.001165
2017-09-15,0.001568
2017-09-18,0.001317
2017-09-19,0.001005
2017-09-20,0.000674
2017-09-21,-0.003051
2017-09-22,0.000595
2017-09-25,-0.002247
2017-09-26,0.000149
2017-09-27,0.004093
2017-09-28,0.001188
2017-09-29,0.003634
2017-10-02,0.003847
2017-10-03,0.002217
2017-10-04,0.001227
2017-10-05,0.005706
2017-10-06,-0.001071
2017-10-09,-0.001758
2017-10-10,0.002530
2017-10-11,0.001941
2017-10-12,-0.001590
2017-10-13,0.000884
2017-10-16,0.001665
2017-10-17,0.000645
2017-10-18,0.000770
2017-10-19,0.000265
2017-10-20,0.005123
2017-10-23,-0.003925
2017-10-24,0.001626
2017-10-25,-0.004605
2017-10-26,0.001247
2017-10-27,0.008372
2017-10-30,-0.003299
2017-10-31,0.001029
2017-11-01,0.001600
2017-11-02,0.000223
2017-11-03,0.003182
2017-11-06,0.001220
2017-11-07,-0.000097
2017-11-08,0.001617
2017-11-09,-0.003784
2017-11-10,-0.000778
2017-11-13,0.001000
2017-11-14,-0.002156
2017-11-15,-0.005571
2017-11-16,0.008888
2017-11-17,-0.002711
2017-11-20,0.001225
2017-11-21,0.006405
2017-11-22,-0.000706
2017-11-24,0.002177
2017-11-27,-0.000377
2017-11-28,0.009647
2017-11-29,-0.000410
2017-11-30,0.008036
2017-12-01,-0.002059
2017-12-04,-0.001135
2017-12-05,-0.003622
2017-12-06,-0.000043
2017-12-07,0.002930
2017-12-08,0.005469
2017-12-11,0.003176
2017-12-12,0.001501
2017-12-13,-0.000400
2017-12-14,-0.004004
2017-12-15,0.008816
2017-12-18,0.005384
2017-12-19,-0.003139
2017-12-20,-0.000907
2017-12-21,0.001918
2017-12-22,-0.000409
2017-12-26,-0.000898
2017-12-27,0.000735
2017-12-28,0.001818
2017-12-29,-0.005215
2018-01-02,0.008232
2018-01-03,0.006438
2018-01-04,0.004040
2018-01-05,0.007046
2018-01-08,0.001792
2018-01-09,0.001261
2018-01-10,-0.001231
2018-01-11,0.007027
2018-01-12,0.006827
2018-01-16,-0.003495
2018-01-17,0.009444
2018-01-18,-0.001526
2018-01-19,0.004471
2018-01-22,0.008081
2018-01-23,0.002292
2018-01-24,-0.000505
2018-01-25,0.000744
2018-01-26,0.011814
2018-01-29,-0.006511
2018-01-30,-0.010819
2018-01-31,0.000446
2018-02-01,-0.000995
2018-02-02,-0.020880
2018-02-05,-0.040871
2018-02-06,0.017393
2018-02-07,-0.004877
2018-02-08,-0.037465
2018-02-09,0.014634
2018-02-12,0.013931
2018-02-13,0.002823
2018-02-14,0.013498
2018-02-15,0.011977
2018-02-16,0.000346
2018-02-20,-0.006433
2018-02-21,-0.005498
2018-02-22,0.001014
2018-02-23,0.015895
2018-02-26,0.011497
2018-02-27,-0.012787
2018-02-28,-0.011009
2018-03-01,-0.013329
2018-03-02,0.005049
2018-03-05,0.011083
2018-03-06,0.002611
2018-03-07,-0.000476
2018-03-08,0.004472
2018-03-09,0.017261
2018-03-12,-0.001207
2018-03-13,-0.006304
2018-03-14,-0.005689
2018-03-15,-0.000901
2018-03-16,0.001764
2018-03-19,-0.014166
2018-03-20,0.001339
2018-03-21,-0.001885
2018-03-22,-0.025092
2018-03-23,-0.020973
2018-03-26,0.027133
2018-03-27,-0.017410
2018-03-28,-0.003059
2018-03-29,0.013787
2018-04-02,-0.022611
2018-04-03,0.012540
2018-04-04,0.011568
2018-04-05,0.006989
2018-04-06,-0.021938
2018-04-09,0.003264
2018-04-10,0.016563
2018-04-11,-0.005536
2018-04-12,0.008161
2018-04-13,-0.002942
2018-04-16,0.008154
2018-04-17,0.010819
2018-04-18,0.000885
2018-04-19,-0.005409
2018-04-20,-0.008581
2018-04-23,-0.000043
2018-04-24,-0.013453
2018-04-25,0.001845
2018-04-26,0.010462
2018-04-27,0.001139
2018-04-30,-0.008028
2018-05-01,0.002448
2018-05-02,-0.007358
2018-05-03,-0.002215
2018-05-04,0.012760
2018-05-07,0.003360
2018-05-08,-0.000229
2018-05-09,0.009402
2018-05-10,0.009268
2018-05-11,0.001784
2018-05-14,0.000907
2018-05-15,-0.006782
2018-05-16,0.004158
2018-05-17,-0.000982
2018-05-18,-0.002712
2018-05-21,0.007394
2018-05-22,-0.003211
2018-05-23,0.003377
2018-05-24,-0.001996
2018-05-25,-0.002284
2018-05-29,-0.011502
2018-05-30,0.012732
2018-05-31,-0.006886
2018-06-01,0.010843
2018-06-04,0.004758
2018-06-05,0.000685
2018-06-06,0.008509
2018-06-07,-0.000792
2018-06-08,0.003102
2018-06-11,0.001200
2018-06-12,0.001771
2018-06-13,-0.003928
2018-06-14,0.002490
2018-06-15,-0.000989
2018-06-18,-0.002038
2018-06-19,-0.003956
2018-06-20,0.001672
2018-06-21,-0.006267
2018-06-22,0.001853
2018-06-25,-0.013621
2018-06-26,0.002200
2018-06-27,-0.008635
2018-06-28,0.006100
2018-06-29,0.000757
2018-07-02,0.002950
2018-07-03,-0.004887
2018-07-05,0.008541
2018-07-06,0.008440
2018-07-09,0.008941
2018-07-10,0.003495
2018-07-11,-0.006999
2018-07-12,0.008784
2018-07-13,0.001182
2018-07-16,-0.001007
2018-07-17,0.004137
2018-07-18,0.001869
2018-07-19,-0.003990
2018-07-20,-0.000905
2018-07-23,0.001797
2018-07-24,0.004811
2018-07-25,0.009136
2018-07-26,-0.003051
2018-07-27,-0.006497
2018-07-30,-0.005855
2018-07-31,0.004772
2018-08-01,-0.001194
2018-08-02,0.004988
2018-08-03,0.004733
2018-08-06,0.003375
2018-08-07,0.002763
2018-08-08,-0.000236
2018-08-09,-0.001413
2018-08-10,-0.006974
2018-08-13,-0.003965
2018-08-14,0.006532
2018-08-15,-0.007714
2018-08-16,0.008320
2018-08-17,0.003257
2018-08-20,0.002320
2018-08-21,0.002014
2018-08-22,-0.000323
2018-08-23,-0.001782
2018-08-24,0.006134
2018-08-27,0.007641
2018-08-28,0.000296
2018-08-29,0.005823
2018-08-30,-0.004436
2018-08-31,0.000152
2018-09-04,-0.001641
2018-09-05,-0.002933
2018-09-06,-0.003779
2018-09-07,-0.002280
2018-09-10,0.001961
2018-09-11,0.003794
2018-09-12,0.000374
2018-09-13,0.005150
2018-09-14,0.000208
2018-09-17,-0.005704
2018-09-18,0.005337
2018-09-19,0.001154
2018-09-20,0.007869
2018-09-21,-0.000453
2018-09-24,-0.003476
2018-09-25,-0.001151
2018-09-26,-0.003269
2018-09-27,0.002789
2018-09-28,-0.000046
2018-10-01,0.003573
2018-10-02,-0.000537
2018-10-03,0.000547
2018-10-04,-0.008257
2018-10-05,-0.005611
2018-10-08,-0.000374
2018-10-09,-0.001415
2018-10-10,-0.032818
2018-10-11,-0.020421
2018-10-12,0.014347
2018-10-15,-0.005856
2018-10-16,0.021510
2018-10-17,-0.000145
2018-10-18,-0.014505
2018-10-19,-0.000253
2018-10-22,-0.004186
2018-10-23,-0.005384
2018-10-24,-0.030793
2018-10-25,0.018863
2018-10-26,-0.017531
2018-10-29,-0.006771
2018-10-30,0.015675
2018-10-31,0.010865
2018-11-01,0.010745
2018-11-02,-0.006390
2018-11-05,0.005253
2018-11-06,0.006183
2018-11-07,0.021367
2018-11-08,-0.002444
2018-11-09,-0.009038
2018-11-12,-0.019730
2018-11-13,-0.001589
2018-11-14,-0.007681
2018-11-15,0.010453
2018-11-16,0.001993
2018-11-19,-0.016822
2018-11-20,-0.018038
2018-11-21,0.003136
2018-11-23,-0.006309
2018-11-26,0.015547
2018-11-27,0.003133
2018-11-28,0.023156
2018-11-29,-0.002270
2018-11-30,0.008178
2018-12-03,0.011167
2018-12-04,-0.032460
2018-12-06,-0.001517
2018-12-07,-0.023445
2018-12-10,0.001828
2018-12-11,-0.000366
2018-12-12,0.005427
2018-12-13,-0.000345
2018-12-14,-0.019079
2018-12-17,-0.020862
2018-12-18,0.000300
2018-12-19,-0.015507
2018-12-20,-0.015984
2018-12-21,-0.020924
2018-12-24,-0.026983
2018-12-26,0.049744
2018-12-27,0.008450
2018-12-28,-0.001216
2018-12-31,0.008523
2019-01-02,0.001447
2019-01-03,-0.024437
2019-01-04,0.034411
2019-01-07,0.007181
2019-01-08,0.009786
2019-01-09,0.004071
2019-01-10,0.004435
2019-01-11,-0.000190
2019-01-14,-0.005205
2019-01-15,0.010867
2019-01-16,0.002317
2019-01-17,0.007592
2019-01-18,0.013028
2019-01-22,-0.014165
2019-01-23,0.002238
2019-01-24,0.001335
2019-01-25,0.008439
2019-01-28,-0.007767
2019-01-29,-0.001602
2019-01-30,0.015471
2019-01-31,0.008829
2019-02-01,0.000405
2019-02-04,0.006805
2019-02-05,0.004863
2019-02-06,-0.002272
2019-02-07,-0.009219
2019-02-08,0.000582
2019-02-11,0.000701
2019-02-12,0.012950
2019-02-13,0.003042
2019-02-14,-0.002648
2019-02-15,0.010769
2019-02-19,0.001681
2019-02-20,0.001644
2019-02-21,-0.003535
2019-02-22,0.006143
2019-02-25,0.001182
2019-02-26,-0.000798
2019-02-27,-0.000489
2019-02-28,-0.002608
2019-03-01,0.006842
2019-03-04,-0.003794
2019-03-05,-0.001095
2019-03-06,-0.006581
2019-03-07,-0.008218
2019-03-08,-0.002097
2019-03-11,0.014615
2019-03-12,0.002895
2019-03-13,0.006934
2019-03-14,-0.000895
2019-03-15,0.004951
2019-03-18,0.003862
2019-03-19,0.000006
2019-03-20,-0.002971
2019-03-21,0.010912
2019-03-22,-0.019034
2019-03-25,-0.000790
2019-03-26,0.007088
2019-03-27,-0.004697
2019-03-28,0.003572
2019-03-29,0.006696
2019-04-01,0.011510
2019-04-02,0.000035
2019-04-03,0.002156
2019-04-04,0.002128
2019-04-05,0.004651
2019-04-08,0.001087
2019-04-09,-0.006100
2019-04-10,0.003546
2019-04-11,0.000016
2019-04-12,0.006537
2019-04-15,-0.000558
2019-04-16,0.000529
2019-04-17,-0.002202
2019-04-18,0.001555
2019-04-22,0.001011
2019-04-23,0.008914
2019-04-24,-0.002134
2019-04-25,-0.000425
2019-04-26,0.004724
2019-04-29,0.001008
2019-04-30,0.000859
2019-05-01,-0.007588
2019-05-02,-0.002096
2019-05-03,0.009752
2019-05-06,-0.004296
2019-05-07,-0.016488
2019-05-08,-0.001618
2019-05-09,-0.003034
2019-05-10,0.003744
2019-05-13,-0.024261
2019-05-14,0.008091
2019-05-15,0.005915
2019-05-16,0.008954
2019-05-17,-0.005925
2019-05-20,-0.006692
2019-05-21,0.008425
2019-05-22,-0.002713
2019-05-23,-0.011998
2019-05-24,0.001404
2019-05-28,-0.008267
2019-05-29,-0.006907
2019-05-30,0.002005
2019-05-31,-0.013224
2019-06-03,-0.003849
2019-06-04,0.021410
2019-06-05,0.008167
2019-06-06,0.006142
2019-06-07,0.010619
2019-06-10,0.004887
2019-06-11,-0.000381
2019-06-12,-0.001945
2019-06-13,0.004069
2019-06-14,-0.001621
2019-06-17,0.000947
2019-06-18,0.009624
2019-06-19,0.002991
2019-06-20,0.009525
2019-06-21,-0.001234
2019-06-24,-0.001748
2019-06-25,-0.009528
2019-06-26,-0.001157
2019-06-27,0.003761
2019-06-28,0.005712
2019-07-01,0.007695
2019-07-02,0.002971
2019-07-03,0.007689
2019-07-05,-0.001749
2019-07-08,-0.004782
2019-07-09,0.001327
2019-07-10,0.004565
2019-07-11,0.002270
2019-07-12,0.004641
2019-07-15,0.000259
2019-07-16,-0.003386
2019-07-17,-0.006422
2019-07-18,0.003502
2019-07-19,-0.006164
2019-07-22,0.002822
2019-07-23,0.006845
2019-07-24,0.004643
2019-07-25,-0.005346
2019-07-26,0.007455
2019-07-29,-0.001822
2019-07-30,-0.002603
2019-07-31,-0.010950
2019-08-01,-0.008965
2019-08-02,-0.007349
2019-08-05,-0.029861
2019-08-06,0.012984
2019-08-07,0.000886
2019-08-08,0.018645
2019-08-09,-0.006728
2019-08-12,-0.012135
2019-08-13,0.014928
2019-08-14,-0.029275
2019-08-15,0.002756
2019-08-16,0.014337
2019-08-19,0.012064
2019-08-20,-0.007986
2019-08-21,0.008207
2019-08-22,-0.000546
2019-08-23,-0.025942
2019-08-26,0.010984
2019-08-27,-0.003159
2019-08-28,0.006490
2019-08-29,0.012653
2019-08-30,0.000633
2019-09-03,-0.006751
2019-09-04,0.010823
2019-09-05,0.012985
2019-09-06,0.000843
2019-09-09,0.000027
2019-09-10,0.000269
2019-09-11,0.007203
2019-09-12,0.002872
2019-09-13,-0.000748
2019-09-16,-0.003224
2019-09-17,0.002616
2019-09-18,0.000331
2019-09-19,0.000082
2019-09-20,-0.004929
2019-09-23,-0.000063
2019-09-24,-0.008430
2019-09-25,0.006205
2019-09-26,-0.002507
2019-09-27,-0.005290
2019-09-30,0.005073
2019-10-01,-0.012271
2019-10-02,-0.017947
2019-10-03,0.007867
2019-10-04,0.014218
2019-10-07,-0.004481
2019-10-08,-0.015394
2019-10-09,0.009097
2019-10-10,0.006434
2019-10-11,0.010999
2019-10-14,-0.001421
2019-10-15,0.009906
2019-10-16,-0.001909
2019-10-17,0.002815
2019-10-18,-0.003970
2019-10-21,0.006890
2019-10-22,-0.003566
2019-10-23,0.002825
2019-10-24,0.001984
2019-10-25,0.003935
2019-10-28,0.005625
2019-10-29,-0.000971
2019-10-30,0.003278
2019-10-31,-0.002978
2019-11-01,0.009565
2019-11-04,0.003692
2019-11-05,-0.001148
2019-11-06,0.000754
2019-11-07,0.002741
2019-11-08,0.002516
2019-11-11,-0.002018
2019-11-12,0.001500
2019-11-13,0.000741
2019-11-14,0.000786
2019-11-15,0.007487
2019-11-18,0.000578
2019-11-19,-0.000580
2019-11-20,-0.003791
2019-11-21,-0.001618
2019-11-22,0.002187
2019-11-25,0.007535
2019-11-26,0.002239
2019-11-27,0.004156
2019-11-29,-0.004028
2019-12-02,-0.008620
2019-12-03,-0.006595
2019-12-04,0.006233
2019-12-05,0.001427
2019-12-06,0.009062
2019-12-09,-0.003133
2019-12-10,-0.001155
2019-12-11,0.002920
2019-12-12,0.008492
2019-12-13,0.000045
2019-12-16,0.006997
2019-12-17,0.000391
2019-12-18,-0.000427
2019-12-19,0.004470
2019-12-20,0.004846
2019-12-23,0.000897
2019-12-24,-0.000202
2019-12-26,0.005296
2019-12-27,-0.000062
2019-12-30,-0.005763
2019-12-31,0.002891
2020-01-02,0.008448
2020-01-03,-0.007050
2020-01-06,0.003563
2020-01-07,-0.002768
2020-01-08,0.004783
2020-01-09,0.006685
2020-01-10,-0.002845
2020-01-13,0.006954
2020-01-14,-0.001480
2020-01-15,0.001763
2020-01-16,0.008422
2020-01-17,0.003722
2020-01-21,-0.002635
2020-01-22,0.000287
2020-01-23,0.001121
2020-01-24,-0.009099
2020-01-27,-0.015637
2020-01-28,0.010098
2020-01-29,-0.000925
2020-01-30,0.003226
2020-01-31,-0.017292
2020-02-03,0.007022
2020-02-04,0.014990
2020-02-05,0.011094
2020-02-06,0.003301
2020-02-07,-0.005221
2020-02-10,0.007339
2020-02-11,0.001977
2020-02-12,0.006526
2020-02-13,-0.001639
2020-02-14,0.001773
2020-02-18,-0.002720
2020-02-19,0.004617
2020-02-20,-0.003900
2020-02-21,-0.010626
2020-02-24,-0.033480
2020-02-25,-0.030289
2020-02-26,-0.003779
2020-02-27,-0.043973
2020-02-28,-0.008407
2020-03-02,0.045934
2020-03-03,-0.028047
2020-03-04,0.042092
2020-03-05,-0.033837
2020-03-06,-0.016852
2020-03-09,-0.075376
2020-03-10,0.049253
2020-03-11,-0.048817
2020-03-12,-0.095239
2020-03-13,0.092870
2020-03-16,-0.119008
2020-03-17,0.060195
2020-03-18,-0.050483
2020-03-19,0.004561
2020-03-20,-0.043348
2020-03-23,-0.028579
2020-03-24,0.092545
2020-03-25,0.010967
2020-03-26,0.062042
2020-03-27,-0.033561
2020-03-30,0.033381
2020-03-31,-0.016046
2020-04-01,-0.043651
2020-04-02,0.022564
2020-04-03,-0.014679
2020-04-06,0.070005
2020-04-07,-0.001677
2020-04-08,0.033551
2020-04-09,0.014328
2020-04-13,-0.009386
2020-04-14,0.030725
2020-04-15,-0.021615
2020-04-16,0.006184
2020-04-17,0.026283
2020-04-20,-0.017773
2020-04-21,-0.030470
2020-04-22,0.022818
2020-04-23,-0.000469
2020-04-24,0.013737
2020-04-27,0.014411
2020-04-28,-0.005312
2020-04-29,0.026168
2020-04-30,-0.008969
2020-05-01,-0.028094
2020-05-04,0.004449
2020-05-05,0.009042
2020-05-06,-0.006916
2020-05-07,0.011688
2020-05-08,0.016904
2020-05-11,0.000140
2020-05-12,-0.020587
2020-05-13,-0.017206
2020-05-14,0.011461
2020-05-15,0.004165
2020-05-18,0.031370
2020-05-19,-0.010493
2020-05-20,0.016523
2020-05-21,-0.007995
2020-05-22,0.002293
2020-05-26,0.012146
2020-05-27,0.014587
2020-05-28,-0.001984
2020-05-29,0.004760
2020-06-01,0.003935
2020-06-02,0.008046
2020-06-03,0.013505
2020-06-04,-0.003471
2020-06-05,0.025789
2020-06-08,0.012245
2020-06-09,-0.007532
2020-06-10,-0.005113
2020-06-11,-0.058375
2020-06-12,0.012761
2020-06-15,0.008428
2020-06-16,0.018930
2020-06-17,-0.003646
2020-06-18,0.000772
2020-06-19,-0.005465
2020-06-22,0.006542
2020-06-23,0.004309
2020-06-24,-0.025574
2020-06-25,0.010876
2020-06-26,-0.024296
2020-06-29,0.014615
2020-06-30,0.015266
2020-07-01,0.005233
2020-07-02,0.004506
2020-07-06,0.016064
2020-07-07,-0.010451
2020-07-08,0.007797
2020-07-09,-0.005201
2020-07-10,0.010596
2020-07-13,-0.009530
2020-07-14,0.013163
2020-07-15,0.008918
2020-07-16,-0.003384
2020-07-17,0.002641
2020-07-20,0.008785
2020-07-21,0.001609
2020-07-22,0.005568
2020-07-23,-0.012492
2020-07-24,-0.006059
2020-07-27,0.007410
2020-07-28,-0.006565
2020-07-29,0.012315
2020-07-30,-0.003731
2020-07-31,0.007786
2020-08-03,0.006809
2020-08-04,0.003774
2020-08-05,0.006357
2020-08-06,0.006383
2020-08-07,0.000640
2020-08-10,0.002829
2020-08-11,-0.008025
2020-08-12,0.013963
2020-08-13,-0.001928
2020-08-14,-0.000123
2020-08-17,0.002915
2020-08-18,0.002553
2020-08-19,-0.004516
2020-08-20,0.003077
2020-08-21,0.003448
2020-08-24,0.009998
2020-08-25,0.003512
2020-08-26,0.010166
2020-08-27,0.001778
2020-08-28,0.006833
2020-08-31,-0.002127
2020-09-01,0.007933
2020-09-02,0.015251
2020-09-03,-0.035140
2020-09-04,-0.008178
2020-09-08,-0.027962
2020-09-09,0.020183
2020-09-10,-0.017626
2020-09-11,0.000354
2020-09-14,0.012670
2020-09-15,0.005333
2020-09-16,-0.004788
2020-09-17,-0.008481
2020-09-18,-0.011355
2020-09-21,-0.011305
2020-09-22,0.010814
2020-09-23,-0.023895
2020-09-24,0.003103
2020-09-25,0.016003
2020-09-28,0.016099
2020-09-29,-0.004860
2020-09-30,0.008227
2020-10-01,0.005589
2020-10-02,-0.009764
2020-10-05,0.017956
2020-10-06,-0.014112
2020-10-07,0.017361
2020-10-08,0.007963
2020-10-09,0.008977
2020-10-12,0.016701
2020-10-13,-0.006130
2020-10-14,-0.006841
2020-10-15,-0.001555
2020-10-16,-0.000102
2020-10-19,-0.016384
2020-10-20,0.004793
2020-10-21,-0.002277
2020-10-22,0.005169
2020-10-23,0.003480
2020-10-26,-0.018401
2020-10-27,-0.002829
2020-10-28,-0.035199
2020-10-29,0.011890
2020-10-30,-0.012335
2020-11-02,0.012163
2020-11-03,0.017784
2020-11-04,0.022216
2020-11-05,0.019450
2020-11-06,-0.000144
2020-11-09,0.011720
2020-11-10,-0.001589
2020-11-11,0.007900
2020-11-12,-0.009881
2020-11-13,0.013664
2020-11-16,0.011497
2020-11-17,-0.004750
2020-11-18,-0.011454
2020-11-19,0.004150
2020-11-20,-0.006839
2020-11-23,0.005483
2020-11-24,0.016057
2020-11-25,-0.001432
2020-11-27,0.002464
2020-11-30,-0.004503
2020-12-01,0.011161
2020-12-02,0.001647
2020-12-03,-0.000657
2020-12-04,0.008707
2020-12-07,-0.001937
2020-12-08,0.002814
2020-12-09,-0.008090
2020-12-10,-0.001306
2020-12-11,-0.001245
2020-12-14,-0.004280
2020-12-15,0.012945
2020-12-16,0.001943
2020-12-17,0.005682
2020-12-18,-0.003434
2020-12-21,-0.004057
2020-12-22,-0.002061
2020-12-23,0.000714
2020-12-24,0.003520
2020-12-28,0.008919
2020-12-29,-0.002235
2020-12-30,0.001373
2020-12-31,0.006299
2021-01-04,-0.014508
2021-01-05,0.006972
2021-01-06,0.005622
2021-01-07,0.014964
2021-01-08,0.005805
2021-01-11,-0.006926
2021-01-12,0.000608
2021-01-13,0.002184
2021-01-14,-0.003948
2021-01-15,-0.007251
2021-01-19,0.008079
2021-01-20,0.014158
2021-01-21,0.000367
2021-01-22,-0.002853
2021-01-25,0.003733
2021-01-26,-0.001280
2021-01-27,-0.025728
2021-01-28,0.009316
2021-01-29,-0.019512
2021-02-01,0.016281
2021-02-02,0.014093
2021-02-03,0.000777
2021-02-04,0.010879
2021-02-05,0.003937
2021-02-08,0.007258
2021-02-09,-0.001313
2021-02-10,-0.000720
2021-02-11,0.001553
2021-02-12,0.004717
2021-02-16,-0.000721
2021-02-17,-0.000211
2021-02-18,-0.004667
2021-02-19,-0.001980
2021-02-22,-0.008016
2021-02-23,0.001201
2021-02-24,0.011292
2021-02-25,-0.024547
2021-02-26,-0.004737
2021-03-01,0.023823
2021-03-02,-0.008146
2021-03-03,-0.013279
2021-03-04,-0.013340
2021-03-05,0.019305
2021-03-08,-0.005553
2021-03-09,0.014608
2021-03-10,0.006053
2021-03-11,0.010350
2021-03-12,0.001071
2021-03-15,0.006461
2021-03-16,-0.001702
2021-03-17,0.002974
2021-03-18,-0.015083
2021-03-19,-0.000464
2021-03-22,0.007041
2021-03-23,-0.007559
2021-03-24,-0.005694
2021-03-25,0.005336
2021-03-26,0.016130
2021-03-29,-0.000798
2021-03-30,-0.002971
2021-03-31,0.003765
2021-04-01,0.011755
2021-04-05,0.014716
2021-04-06,-0.000858
2021-04-07,0.001372
2021-04-08,0.004345
2021-04-09,0.007645
2021-04-12,-0.000067
2021-04-13,0.003534
2021-04-14,-0.004275
2021-04-15,0.011048
2021-04-16,0.003581
2021-04-19,-0.005326
2021-04-20,-0.006757
2021-04-21,0.009310
2021-04-22,-0.009314
2021-04-23,0.010928
2021-04-26,0.001814
2021-04-27,-0.000333
2021-04-28,-0.000725
2021-04-29,0.006712
2021-04-30,-0.006947
2021-05-03,0.002561
2021-05-04,-0.006907
2021-05-05,0.000713
2021-05-06,0.008069
2021-05-07,0.007251
2021-05-10,-0.010706
2021-05-11,-0.008586
2021-05-12,-0.021575
2021-05-13,0.012053
2021-05-14,0.015092
2021-05-17,-0.002495
2021-05-18,-0.008419
2021-05-19,-0.003006
2021-05-20,0.010629
2021-05-21,-0.000904
2021-05-24,0.009986
2021-05-25,-0.002107
2021-05-26,0.002021
2021-05-27,0.001136
2021-05-28,0.000679
2021-06-01,-0.000397
2021-06-02,0.001374
2021-06-03,-0.003766
2021-06-04,0.008916
2021-06-07,-0.000717
2021-06-08,0.000340
2021-06-09,-0.001870
2021-06-10,0.004716
2021-06-11,0.001946
2021-06-14,0.001844
2021-06-15,-0.002076
2021-06-16,-0.005406
2021-06-17,-0.000177
2021-06-18,-0.013046
2021-06-21,0.013895
2021-06-22,0.005163
2021-06-23,-0.000988
2021-06-24,0.005760
2021-06-25,0.003234
2021-06-28,0.002246
2021-06-29,0.000183
2021-06-30,0.001416
2021-07-01,0.005097
2021-07-02,0.007628
2021-07-06,-0.001767
2021-07-07,0.003333
2021-07-08,-0.008326
2021-07-09,0.011129
2021-07-12,0.003520
2021-07-13,-0.003600
2021-07-14,0.001169
2021-07-15,-0.003384
2021-07-16,-0.007496
2021-07-19,-0.015777
2021-07-20,0.015206
2021-07-21,0.008139
2021-07-22,0.001999
2021-07-23,0.009986
2021-07-26,0.002535
2021-07-27,-0.004937
2021-07-28,-0.000175
2021-07-29,0.004271
2021-07-30,-0.005707
2021-08-02,-0.001676
2021-08-03,0.008246
2021-08-04,-0.004548
2021-08-05,0.006074
2021-08-06,0.001489
2021-08-09,-0.000632
2021-08-10,0.000976
2021-08-11,0.002259
2021-08-12,0.002986
2021-08-13,0.001512
2021-08-16,0.002346
2021-08-17,-0.007075
2021-08-18,-0.010652
2021-08-19,0.001030
2021-08-20,0.008133
2021-08-23,0.008703
2021-08-24,0.001542
2021-08-25,0.002159
2021-08-26,-0.005860
2021-08-27,0.008779
2021-08-30,0.004454
2021-08-31,-0.001196
2021-09-01,0.000384
2021-09-02,0.002735
2021-09-03,-0.000246
2021-09-07,-0.003183
2021-09-08,-0.001279
2021-09-09,-0.004601
2021-09-10,-0.007845
2021-09-13,0.002142
2021-09-14,-0.005848
2021-09-15,0.008418
2021-09-16,-0.001442
2021-09-17,-0.009052
2021-09-20,-0.017073
2021-09-21,-0.000767
2021-09-22,0.009622
2021-09-23,0.012112
2021-09-24,0.001567
2021-09-27,-0.002716
2021-09-28,-0.020312
2021-09-29,0.001565
2021-09-30,-0.011924
2021-10-01,0.011272
2021-10-04,-0.012978
2021-10-05,0.010503
2021-10-06,0.004036
2021-10-07,0.008318
2021-10-08,-0.001899
2021-10-11,-0.006783
2021-10-12,-0.002256
2021-10-13,0.002992
2021-10-14,0.016899
2021-10-15,0.007595
2021-10-18,0.003602
2021-10-19,0.007337
2021-10-20,0.003590
2021-10-21,0.002985
2021-10-22,-0.001051
2021-10-25,0.005071
2021-10-26,0.001774
2021-10-27,-0.004931
2021-10-28,0.009912
2021-10-29,0.001895
2021-11-01,0.002085
2021-11-02,0.003557
2021-11-03,0.006770
2021-11-04,0.004172
2021-11-05,0.003663
2021-11-08,0.000471
2021-11-09,-0.003898
2021-11-10,-0.008046
2021-11-11,0.000478
2021-11-12,0.006969
2021-11-15,-0.000038
2021-11-16,0.003832
2021-11-17,-0.002441
2021-11-18,0.003552
2021-11-19,-0.001358
2021-11-22,-0.003153
2021-11-23,0.001454
2021-11-24,0.002295
2021-11-26,-0.022730
2021-11-29,0.013212
2021-11-30,-0.018878
2021-12-01,-0.012202
2021-12-02,0.013998
2021-12-03,-0.008584
2021-12-06,0.011643
2021-12-07,0.020701
2021-12-08,0.003057
2021-12-09,-0.007377
2021-12-10,0.009755
2021-12-13,-0.009248
2021-12-14,-0.007379
2021-12-15,0.016473
2021-12-16,-0.009019
2021-12-17,-0.010268
2021-12-20,-0.011587
2021-12-21,0.017807
2021-12-22,0.010279
2021-12-23,0.006390
2021-12-27,0.013611
2021-12-28,-0.000978
2021-12-29,0.001272
2021-12-30,-0.003045
2021-12-31,-0.002650
2022-01-03,0.007062
2022-01-04,-0.000949
2022-01-05,-0.019520
2022-01-06,-0.001153
2022-01-07,-0.004225
2022-01-10,-0.001293
2022-01-11,0.009260
2022-01-12,0.002856
2022-01-13,-0.014376
2022-01-14,0.000811
2022-01-18,-0.018431
2022-01-19,-0.009781
2022-01-20,-0.011053
2022-01-21,-0.019154
2022-01-24,0.002770
2022-01-25,-0.012312
2022-01-26,-0.001533
2022-01-27,-0.005824
2022-01-28,0.024429
2022-01-31,0.019274
2022-02-01,0.006871
2022-02-02,0.009211
2022-02-03,-0.023944
2022-02-04,0.005783
2022-02-07,-0.003735
2022-02-08,0.008481
2022-02-09,0.014391
2022-02-10,-0.018095
2022-02-11,-0.019183
2022-02-14,-0.003642
2022-02-15,0.015876
2022-02-16,0.000967
2022-02-17,-0.021146
2022-02-18,-0.007295
2022-02-22,-0.010301
2022-02-23,-0.018686
2022-02-24,0.015204
2022-02-25,0.022219
2022-02-28,-0.002241
2022-03-01,-0.015346
2022-03-02,0.018435
2022-03-03,-0.005466
2022-03-04,-0.007891
2022-03-07,-0.029722
2022-03-08,-0.007236
2022-03-09,0.025810
2022-03-10,-0.003944
2022-03-11,-0.012995
2022-03-14,-0.007570
2022-03-15,0.021559
2022-03-16,0.022445
2022-03-17,0.012386
2022-03-18,0.011834
2022-03-21,-0.000554
2022-03-22,0.011691
2022-03-23,-0.012180
2022-03-24,0.014208
2022-03-25,0.004884
2022-03-28,0.007666
2022-03-29,0.012265
2022-03-30,-0.006305
2022-03-31,-0.015647
2022-04-01,0.003565
2022-04-04,0.008517
2022-04-05,-0.012756
2022-04-06,-0.009804
2022-04-07,0.004125
2022-04-08,-0.002911
2022-04-11,-0.017024
2022-04-12,-0.003299
2022-04-13,0.011659
2022-04-14,-0.012254
2022-04-18,-0.000323
2022-04-19,0.016232
2022-04-20,-0.000920
2022-04-21,-0.014537
2022-04-22,-0.027748
2022-04-25,0.005674
2022-04-26,-0.028586
2022-04-27,0.002037
2022-04-28,0.024692
2022-04-29,-0.036697
2022-05-02,0.005749
2022-05-03,0.004805
2022-05-04,0.029908
2022-05-05,-0.035828
2022-05-06,-0.005842
2022-05-09,-0.032171
2022-05-10,0.002426
2022-05-11,-0.016780
2022-05-12,-0.001247
2022-05-13,0.024105
2022-05-16,-0.004298
2022-05-17,0.019612
2022-05-18,-0.040805
2022-05-19,-0.005959
2022-05-20,0.000029
2022-05-23,0.018582
2022-05-24,-0.008451
2022-05-25,0.009628
2022-05-26,0.020199
2022-05-27,0.024941
2022-05-31,-0.006012
2022-06-01,-0.007470
2022-06-02,0.018519
2022-06-03,-0.016719
2022-06-06,0.003274
2022-06-07,0.009299
2022-06-08,-0.010700
2022-06-09,-0.023809
2022-06-10,-0.028998
2022-06-13,-0.038916
2022-06-14,-0.003329
2022-06-15,0.014794
2022-06-16,-0.032417
2022-06-17,0.002393
2022-06-21,0.024743
2022-06-22,-0.001265
2022-06-23,0.009734
2022-06-24,0.030472
2022-06-27,-0.003062
2022-06-28,-0.020356
2022-06-29,-0.000659
2022-06-30,-0.008826
2022-07-01,0.010750
2022-07-05,0.002002
2022-07-06,0.003518
2022-07-07,0.015001
2022-07-08,-0.000755
2022-07-11,-0.011772
2022-07-12,-0.009161
2022-07-13,-0.004336
2022-07-14,-0.002785
2022-07-15,0.019092
2022-07-18,-0.008342
2022-07-19,0.027548
2022-07-20,0.005980
2022-07-21,0.010272
2022-07-22,-0.009233
2022-07-25,0.001217
2022-07-26,-0.012087
2022-07-27,0.026356
2022-07-28,0.012274
2022-07-29,0.014684
2022-08-01,-0.002702
2022-08-02,-0.006540
2022-08-03,0.015643
2022-08-04,-0.000829
2022-08-05,-0.001934
2022-08-08,-0.001251
2022-08-09,-0.004202
2022-08-10,0.021274
2022-08-11,-0.000868
2022-08-12,0.017485
2022-08-15,0.004078
2022-08-16,0.002047
2022-08-17,-0.007234
2022-08-18,0.002172
2022-08-19,-0.012876
2022-08-22,-0.021356
2022-08-23,-0.002130
2022-08-24,0.002920
2022-08-25,0.013993
2022-08-26,-0.033654
2022-08-29,-0.006567
2022-08-30,-0.010969
2022-08-31,-0.007779
2022-09-01,0.003137
2022-09-02,-0.010753
2022-09-06,-0.003993
2022-09-07,0.018500
2022-09-08,0.006547
2022-09-09,0.015330
2022-09-12,0.010676
2022-09-13,-0.043174
2022-09-14,0.003537
2022-09-15,-0.011243
2022-09-16,-0.007290
2022-09-19,0.006919
2022-09-20,-0.011144
2022-09-21,-0.017090
2022-09-22,-0.008610
2022-09-23,-0.017501
2022-09-26,-0.009994
2022-09-27,-0.002116
2022-09-28,0.019675
2022-09-29,-0.021303
2022-09-30,-0.015059
2022-10-03,0.025498
2022-10-04,0.030646
2022-10-05,-0.002141
2022-10-06,-0.010186
2022-10-07,-0.028032
2022-10-10,-0.007292
2022-10-11,-0.006486
2022-10-12,-0.003247
2022-10-13,0.025543
2022-10-14,-0.023884
2022-10-17,0.026605
2022-10-18,0.011585
2022-10-19,-0.006619
2022-10-20,-0.007836
2022-10-21,0.023684
2022-10-24,0.011759
2022-10-25,0.016225
2022-10-26,-0.007279
2022-10-27,-0.006080
2022-10-28,0.024356
2022-10-31,-0.007249
2022-11-01,-0.004360
2022-11-02,-0.025026
2022-11-03,-0.010567
2022-11-04,0.013354
2022-11-07,0.009394
2022-11-08,0.005311
2022-11-09,-0.020951
2022-11-10,0.055120
2022-11-11,0.009163
2022-11-14,-0.009105
2022-11-15,0.008998
2022-11-16,-0.008121
2022-11-17,-0.003082
2022-11-18,0.004677
2022-11-21,-0.004045
2022-11-22,0.013468
2022-11-23,0.006050
2022-11-25,-0.000288
2022-11-28,-0.015204
2022-11-29,-0.001722
2022-11-30,0.030868
2022-12-01,-0.000739
2022-12-02,-0.001175
2022-12-05,-0.018043
2022-12-06,-0.014475
2022-12-07,-0.001965
2022-12-08,0.007352
2022-12-09,-0.007435
2022-12-12,0.014069
2022-12-13,0.007007
2022-12-14,-0.006030
2022-12-15,-0.024777
2022-12-16,-0.011177
2022-12-19,-0.008978
2022-12-20,0.000921
2022-12-21,0.014783
2022-12-22,-0.014537
2022-12-23,0.005815
2022-12-27,-0.004200
2022-12-28,-0.012068
2022-12-29,0.017417
2022-12-30,-0.002456
